Date,PM10 (ug/m3),NOx (ppb),SO2 (ug/m3),RH (%),WS (m/s),WD (degree),SR (W/mt2),BP (mmHg),VWS (m/s),AT (degree C),RF (mm)
09-01-2019,42.92,27.52,2.23,86.9,0.35,236.81,78.08,997.79,0.04,28.8,0.03
10-01-2019,135.84,40.26,6.62,73.98,0.56,286.76,137.49,999.56,0.04,29.39,0.01
11-01-2019,174.28,78.42,8.41,75.36,0.37,261.95,92.67,997.86,0.04,25.9,0.01
12-01-2019,168.43,30.99,13.18,69.6,0.28,233.31,74.69,997.7,0.04,22.94,0
09-02-2019,24.21,27.63,1.94,86.08,0.54,164.83,150.8,996.94,0.02,28.41,0.03
10-02-2019,298.68,37.31,5.35,77.78,0.33,230.44,81.92,999.58,0.04,29.62,0.02
11-02-2019,143.17,65.34,9.43,70.67,0.54,315.03,92.05,733.5,0.05,26.58,0
12-02-2019,143.79,34.57,16.91,59.11,0.39,269.65,76.57,997.11,0.05,22.87,0
09-03-2019,15.31,20.8,2.89,87.16,0.73,137.73,329.56,997.2,0.03,33.01,0.03
10-03-2019,114.07,39.3,4.56,83,0.31,167.36,101.96,999.62,0.03,28.02,0.03
11-03-2019,123.95,59.34,6.42,70.66,0.43,303.95,92.34,998.58,0.04,26.65,0
12-03-2019,161.55,36.22,16.32,60.89,0.28,233.93,76.51,997.78,0.04,21.56,0
09-04-2019,17.43,23.34,2.13,98.72,0.46,152.55,37.65,995.9,0.05,23.03,0.06
10-04-2019,90.76,24.62,5.85,81.72,0.25,166.13,110.12,999.95,0.03,28.79,0.02
11-04-2019,129.87,90.5,6.16,73.63,0.34,261.42,86.25,998.51,0.04,26.27,0.01
12-04-2019,181.33,34.1,21.29,56.37,0.54,320.6,83.32,997.73,0.06,21.72,0
09-05-2019,19.98,20.28,2.35,89.49,0.9,147.03,110.46,995.81,0,28.28,0.04
10-05-2019,92.04,43.76,3.8,87.31,0.28,171.41,128.45,999.38,0.03,28,0.04
11-05-2019,223.88,89.98,9.17,70.82,0.45,290.81,86.95,998,0.04,26.38,0
12-05-2019,164.12,36.13,20.88,64.89,0.55,303.56,83.1,998.45,0.05,21.31,0
09-06-2019,17.41,24.26,2.42,87.67,0.93,148.25,116.58,994.78,-0.01,28.51,0.04
10-06-2019,116.18,30.93,3.82,84.92,0.24,180.79,86.69,999.45,0.04,28.08,0.03
11-06-2019,263.59,80.39,9.27,61.51,0.43,307.36,86.01,998.42,0.04,25.61,0
12-06-2019,117.77,32.2,12.37,70.63,0.23,190.82,80.71,998.99,0.04,22.26,0
09-07-2019,19.31,24.41,2.31,95.11,0.9,145.16,62.22,995.6,0,27.37,0.05
10-07-2019,131.65,33.36,4.54,88.09,0.34,200.02,78.48,999.67,0.04,26.57,0.04
11-07-2019,166.43,88.86,10.68,62.13,0.34,301.44,82.71,998.63,0.05,24.86,0
12-07-2019,126.21,43.46,15.55,66.21,0.19,222.61,70.94,998.28,0.04,23.04,0
09-08-2019,19.55,25.65,2.05,94.64,0.58,141.11,78.3,997.71,0.01,27.48,0.05
10-08-2019,111.89,32.27,3.92,82.4,0.55,161.64,121.81,999.51,0.02,27.28,0.03
11-08-2019,95.22,50,3.71,84.36,0.52,210.64,55.42,999.57,-0.03,23.57,0.03
12-08-2019,99.27,36.89,16.99,64.45,0.2,248.15,78.77,997.67,0.04,23.85,0
30-08-2019,26.75,25.38,1.83,75.86,0.53,145.82,214.2,997.22,0.02,30.54,0.01
31-08-2019,29.31,21.52,2.6,79.95,0.47,151.57,136.99,997.32,0.02,29.7,0.02
09-09-2019,24.88,21.2,2.58,87.21,0.38,138.11,114.42,997.91,0.01,28.85,0.04
10-09-2019,77.26,21.71,4.1,95.23,0.38,182.71,83.95,999.89,0.02,25.14,0.05
11-09-2019,37.48,27.68,2.92,97.61,0.56,206.51,57.07,1000.17,-0.12,22.52,0.05
12-09-2019,98.99,30.11,16.2,60.11,0.37,280.85,68.95,998.87,0.05,23.19,0
13-09-2019,28.83,24.17,3.32,90.02,0.51,139.24,99.16,1000.15,-0.01,27.87,0.04
14-09-2019,36.55,22.75,3.57,85.9,0.44,141.61,115.04,1000.25,0.01,28.83,0.03
15-09-2019,38.32,18.93,5.73,80.17,0.31,143.95,127.98,999.9,0.01,29.64,0.02
16-09-2019,33.76,19.55,4.47,81.62,0.43,145.63,133.33,999.25,0.01,29.47,0.02
17-09-2019,32.19,19.09,3.81,78.28,0.64,136.23,139.23,1000.27,0.01,29.59,0.02
18-09-2019,23.44,18.8,4.28,84.27,0.71,154.37,125.28,1000.05,0.02,28.71,0.03
19-09-2019,17.76,17.65,3.83,80.96,0.45,154.81,123.87,1000.22,0.03,29.36,0.02
20-09-2019,33.03,41.34,4.4,84.41,0.25,228.84,95.34,999.6,0.04,28.79,0.03
21-09-2019,45.06,34.6,5.51,86.7,0.3,243.91,85.41,999.64,0.04,27.42,0.03
22-09-2019,29.84,24.44,4.19,83.39,0.42,165.16,127.14,1000.1,0.04,28.04,0.03
23-09-2019,23.97,22.04,4.24,84.44,0.85,149.58,106.71,999.9,0,28.4,0.03
24-09-2019,24.88,21.29,3.97,93.48,0.92,142.68,83.52,999.98,-0.01,25.92,0.05
25-09-2019,16.48,25.21,3.99,97.71,0.49,165.67,54.82,999.73,0.03,24.8,0.05
26-09-2019,19.66,28.65,3.91,92.49,0.47,163.08,96.55,999.94,0.03,25.59,0.04
27-09-2019,23.37,30.44,4.17,90.53,0.23,173.19,88.81,999.93,0.04,26.05,0.04
28-09-2019,28,29.35,4.43,94.86,0.35,169.12,74.44,999.79,0.04,25.33,0.05
29-09-2019,18.65,23.96,3.5,93.08,0.46,146.78,85.49,1000.11,0.03,25.23,0.05
30-09-2019,19.57,25.51,3.83,88.7,0.39,160.92,102.91,1000.16,0.02,26.2,0.04
09-10-2019,31.69,16.08,3.37,85.44,0.31,154.03,95.8,998.17,0.02,29.44,0.03
10-10-2019,171.83,44.85,4.73,87.26,0.29,278.19,97.57,998.72,0.05,26.35,0.04
11-10-2019,54.2,33.69,4.25,87.48,1.05,313.99,92.01,998.65,0.03,24.27,0.04
12-10-2019,119.03,32.6,16.11,53.15,0.28,180.1,69.76,998.9,0.04,22.11,0
13-10-2019,106.24,49.14,7.81,78.47,0.29,268.54,67.69,999.21,0.04,27.96,0.02
14-10-2019,103.23,50.13,7.74,66.38,0.38,287.79,103.11,999.13,0.04,28.14,0
15-10-2019,112.34,44.63,6.58,65.25,0.35,255.92,109.71,998.95,0.03,28.39,0
16-10-2019,84.91,44.95,4.8,82.08,0.2,212.01,82.62,999.09,0.04,26.82,0.03
17-10-2019,68.1,58.18,5.64,90.37,0.2,242.68,71.6,998.05,0.04,26.27,0.04
18-10-2019,79.35,78.32,6.17,80.54,0.26,185.96,101.62,996.77,0.04,28.02,0.02
19-10-2019,127.37,60.93,4.97,77.32,0.26,207.6,89.13,998.48,0.03,28.79,0.02
20-10-2019,124.72,57.84,5.81,73.97,0.23,235.2,90.08,999.05,0.03,28.74,0.01
21-10-2019,150.6,52.78,9.05,77.25,0.47,310.38,91.73,998.63,0.05,28.39,0.02
22-10-2019,142.74,66.19,8.72,76.06,0.33,270.46,87.9,998.25,0.04,28.26,0.01
23-10-2019,141.88,55.12,8.5,82.21,0.32,234.48,69.96,998.54,0.03,26.85,0.03
24-10-2019,87.04,38.66,3.72,96.11,0.35,214.14,50.43,999.67,-0.02,22.9,0.05
25-10-2019,65.53,32.71,4.56,98.06,0.8,179.83,53.7,999.75,-0.01,22.41,0.06
26-10-2019,84.17,42.89,7.15,91.9,0.43,304.81,73.37,998.57,0.05,23.37,0.04
27-10-2019,124.07,52.54,12.18,81.71,0.34,296.47,97.11,998.09,0.05,25.16,0.02
28-10-2019,127.27,50.57,11.23,75.32,0.43,295.5,101.23,759,0.05,25.36,0.01
29-10-2019,153.09,56.51,7.51,74.18,0.43,279.92,114.34,891.6,0.05,25.27,0.01
30-10-2019,157.42,63.21,5.6,75.94,0.39,274.79,109.06,998.63,0.04,25.63,0.01
31-10-2019,140.99,80.96,9.54,75.01,0.35,267.11,99.1,998.29,0.04,25.54,0.01
09-11-2019,26.36,26.84,3.03,90.14,0.33,182.08,84.69,998.5,0.03,27.77,0.04
10-11-2019,84.7,49.41,6.23,83.59,0.3,242.8,95.75,997.82,0.03,27.3,0.03
11-11-2019,93.74,76.3,5.7,85.34,0.5,289.08,110.63,997.92,0.04,24.36,0.03
12-11-2019,106.13,29.42,16.3,67.59,0.36,154.92,67.88,999.61,0.03,22.07,0
13-11-2019,227.31,101.33,10.93,69.48,0.32,290.75,110.13,997.04,0.05,24.07,0
14-11-2019,185.07,91.98,9.88,72.32,0.34,272.46,106.34,997.5,0.05,24.34,0.01
15-11-2019,177.13,92.91,8.61,72.47,0.36,269.63,102.18,997.96,0.05,25.02,0.01
16-11-2019,175.54,80.92,8.45,72.24,0.27,259.37,97.84,998.43,0.05,24.89,0.01
17-11-2019,175.63,92.25,7.98,74.24,0.29,236.69,93.24,998.47,0.04,23.98,0.01
18-11-2019,184.86,98.12,12.84,71.54,0.25,228.7,93.4,998.2,0.04,24.02,0.01
19-11-2019,173.87,113.58,17.91,63.4,0.43,275.77,95.64,997.26,0.05,23.69,0
20-11-2019,169.31,132.95,11.96,58.76,0.25,217.15,102.11,996.75,0.04,23.49,0
21-11-2019,156.58,97.08,8.66,59.1,0.27,267.46,100.82,997.96,0.04,23.1,0
22-11-2019,181.19,101.4,14.65,62.59,0.28,262.01,86.05,997.01,0.05,23.02,0
23-11-2019,189.59,109.8,14.43,70.49,0.32,263.73,83.77,997.65,0.04,22.98,0
24-11-2019,225.81,124.18,11.88,71.72,0.25,233.33,81.45,997.23,0.04,22.78,0.01
25-11-2019,181.35,99.46,7.54,75.71,0.18,229.08,76.17,998.09,0.05,23.25,0.01
26-11-2019,178.73,135.12,6.08,78.79,0.23,183.54,77.7,996.94,0.04,23.47,0.02
27-11-2019,195.51,88.42,7.5,75.13,0.19,226.3,79.03,997.25,0.04,24.07,0.01
28-11-2019,134.06,40.53,7.87,70.93,0.22,239.68,78.24,997.13,0.04,24.43,0
29-11-2019,134.98,49.56,6.78,75.02,0.19,208.26,78.31,997.43,0.04,24.07,0.01
30-11-2019,201.48,48.23,16.55,74.08,0.23,237.96,74.6,995.52,0.05,23.9,0.01
09-12-2019,24.18,29.72,3.26,95.39,0.46,149.83,60.69,999.5,0.01,26.35,0.05
10-12-2019,77.11,47.94,4.33,78.47,0.23,211.24,103.14,998.06,0.03,27.9,0.02
11-12-2019,191.49,105.98,10.5,73.47,0.35,270.78,107.81,997.12,0.05,24.54,0.01
12-12-2019,125.37,28.86,15.55,76.3,0.33,170.29,64.36,999.31,0.03,22.07,0.01
13-12-2019,167.52,28.83,17.3,72.86,0.41,162.38,71.78,998.76,0.03,22.41,0.01
14-12-2019,209.18,49.3,17.34,75.03,0.24,215,67.15,998.1,0.04,22.67,0.01
15-12-2019,163.04,37.26,16.12,74.9,0.34,305.19,71.83,998.89,0.04,21.97,0.01
16-12-2019,126.7,34.97,18.19,66.43,0.37,311.96,74.25,999.05,0.05,21.78,0
17-12-2019,137.54,34.95,15.24,68.58,0.51,315.82,72.23,999.09,0.05,21.22,0
18-12-2019,136.36,30.33,14.26,65.7,0.78,329.63,73.13,998.8,0.05,18.36,0
19-12-2019,146.89,33.71,15.94,61.89,0.73,327.03,70.52,999.37,0.05,16.35,0
20-12-2019,184.85,60.67,15.3,67.17,0.52,282.03,65.71,998.58,0.04,15.78,0
21-12-2019,215.55,67.07,13.21,75.07,0.41,268.67,62.76,998.58,0.02,16.32,0.01
22-12-2019,187.14,41.84,9.94,81.36,0.36,266.45,63.21,999.29,0.03,15.8,0.02
23-12-2019,182.61,40.51,11,76.6,0.4,311.39,63.22,999.23,0.04,17.99,0.02
24-12-2019,190.84,89.34,12.83,72.8,0.39,274.27,62.58,997.86,0.04,17.56,0.01
25-12-2019,196.09,118.45,10.51,67.94,0.23,219.79,61.26,997.47,0.04,18.62,0
26-12-2019,188.41,56.9,11.08,75.09,0.33,241.26,48.56,998.47,0.03,16.77,0.01
27-12-2019,152.8,36,11.16,82.01,0.54,315.29,62.79,999.16,0.05,15.48,0.03
28-12-2019,223.46,44.96,9.73,76.32,0.71,331.1,67.57,999.07,0.06,15.41,0.01
29-12-2019,181.21,51.41,9.86,63.38,0.68,319.27,68.88,999.11,0.05,16.58,0
30-12-2019,223.38,124.07,11.55,70.59,0.47,289.21,64.31,997.97,0.05,16.1,0
31-12-2019,215.49,120.88,9.3,72,0.43,286.65,65.11,997.18,0.05,16.85,0.01
01-01-2020,237.4,105.13,12.32,67.23,0.31,273.69,65.17,997.83,0.04,18.6,0
02-01-2020,134.14,84.64,8.18,60.07,0.31,256.27,76.02,997.45,0.04,19.05,0
03-01-2020,196.19,73.78,10.13,61.55,0.35,263.33,90.38,998.29,0.05,24.23,0
04-01-2020,77.72,11.94,7.68,60.92,0.39,223.25,142.85,1000.33,0.02,30.25,0
05-01-2020,24.15,9.93,3.27,83.12,0.67,176.99,131.54,1000.39,-0.01,25.36,0.03
06-01-2020,30.26,11.08,2.19,80.7,0.42,184.69,141.47,1000.35,0.01,28.58,0.02
07-01-2020,30.78,16.93,7.32,79.96,0.34,154.3,184.85,997.68,0,30.71,0.02
08-01-2020,17.15,12.13,14.31,84.46,0.31,182.55,111.24,998.06,0.02,30.24,0.03
09-01-2020,41.4,19.47,5.83,98.42,0.34,221.69,54.06,999.81,0.03,26.34,0.06
10-01-2020,44.84,14.84,7.56,85.97,0.74,189.69,180.74,998.37,0.01,28.87,0.03
11-01-2020,48.62,17.78,6.47,83.96,0.57,182.77,131.72,999.69,0,28.04,0.03
12-01-2020,232.72,110.63,13.49,57.62,0.29,206.33,74.53,996.87,0.05,21.87,0
13-01-2020,146.72,82.65,9.37,63.31,0.43,280.88,69.9,996.62,0.04,17.14,0
14-01-2020,269.02,193.6,8.99,67.77,0.23,222.91,68.81,993.49,0.04,17.88,0
15-01-2020,288.84,229.97,9.91,71.27,0.21,211.59,63.83,993.24,0.05,18.99,0.01
16-01-2020,221.02,114.24,10.33,69.41,0.26,168.91,69.11,995.33,0.04,20.58,0
17-01-2020,183.03,127.75,9.29,71.38,0.21,180.79,68.97,997.09,0.05,21.06,0.01
18-01-2020,138.79,77.93,12.53,64.94,0.2,232.35,69.1,998.51,0.04,21.21,0
19-01-2020,153.81,57.11,11.1,68.3,0.41,307.39,69.19,998.52,0.05,21.22,0
20-01-2020,124.86,45.89,10.23,70.4,0.64,301.78,65.91,999.01,0.05,18.74,0
21-01-2020,153.72,90.85,10.6,65.65,0.29,258.41,68.68,998.26,0.04,18.39,0
22-01-2020,182.51,103.63,9.31,69.76,0.28,194.04,65.91,997.67,0.04,19,0
23-01-2020,200.64,58.8,12.93,73.02,0.27,254.64,58.11,997.81,0.05,19.7,0.01
24-01-2020,148.88,81.13,13.19,53.83,0.48,271.2,66.15,998.07,0.03,18.79,0
25-01-2020,114,74.83,11.22,50.66,0.37,271.07,68.77,998.08,0.04,17.81,0
26-01-2020,172.49,149.82,9.88,62.2,0.32,234.07,66.14,997.63,0.04,18.04,0
27-01-2020,218.27,99.07,9.02,63.06,0.35,259.25,67,998.15,0.04,18.09,0
28-01-2020,250.03,58.42,12.49,66.5,0.29,165.04,66.94,998.63,0.03,19.79,0
29-01-2020,252.78,26.06,6.62,87.2,0.66,146.36,62.7,999.89,0.02,20.29,0.04
30-01-2020,195.6,51.74,6.19,93.82,0.3,186.53,52.87,997.73,0.03,19.71,0.05
31-01-2020,151.27,72,9.37,71.39,0.59,283.53,73.29,997.61,0.05,19.4,0.01
01-02-2020,193.94,75.09,9.51,69.95,0.38,256.21,65.58,997.58,0.04,19.76,0
02-02-2020,133.01,100.03,11.13,53.57,0.5,271.78,73.5,998.17,0.05,18.61,0
03-02-2020,205.09,56.1,10.41,62.93,0.29,238.56,84.55,998.83,0.04,25.19,0
04-02-2020,67.78,12.19,4.93,64.68,0.37,196.7,138.7,1000.34,0.01,29.73,0
05-02-2020,40.59,12.87,3.64,82.57,0.33,241.86,150.87,1000.22,0.03,25.79,0.03
06-02-2020,38.87,11.44,2.63,79.01,0.41,179.87,188.92,999.37,0.01,29.07,0.02
07-02-2020,50.04,18.14,10.59,76.42,0.4,152.6,204.45,996.21,0,31.05,0.01
08-02-2020,24.64,14.94,18.9,88.06,0.25,202.02,115.26,995.21,0.04,30.1,0.04
09-02-2020,28.89,19.29,1.76,96.53,0.33,182.97,124.85,999.69,0.03,26.38,0.05
10-02-2020,30.71,12.33,6.99,91.95,0.72,169.62,147.57,999.05,0.01,28.26,0.04
11-02-2020,44.66,27.57,6.86,81.08,0.31,240.77,129.76,998.98,0.03,28.12,0.02
12-02-2020,242.66,109.3,19.67,62.38,0.25,219.55,77.59,997.53,0.05,21.4,0
13-02-2020,267.39,120.54,9.34,51.18,0.39,235.74,74.78,997.45,0.04,20.35,0
14-02-2020,223.87,93.6,11.56,57.84,0.33,220.31,74.24,997.18,0.04,21.69,0
15-02-2020,185.47,89.87,8.42,51.75,0.6,279.41,76.09,997.9,0.04,22.29,0
16-02-2020,257.82,79.23,10.56,55.05,0.31,264.95,74.85,998.15,0.04,22.25,0
17-02-2020,244.31,74.46,8.4,58.22,0.29,227.52,73.67,997.65,0.04,22.47,0
18-02-2020,225.82,42.31,8.56,69.4,0.4,265.58,78.83,998.97,0.04,22.64,0
19-02-2020,176.18,28.62,22.34,74.16,0.34,185.56,80.78,999.9,0.03,22.84,0.01
20-02-2020,148.04,24.24,14.45,70.57,0.25,173.81,94.89,999.73,0.03,23.64,0
21-02-2020,206.14,72.15,2.47,62.9,0.27,200.02,79.98,998.38,0.03,23.57,0
22-02-2020,259.11,64.97,4.13,51.7,0.3,246.53,77.08,997.56,0.04,24.23,0
23-02-2020,216.44,51.38,4.26,59.3,0.32,251,76.46,999.04,0.03,24.33,0
24-02-2020,238.27,68.56,6.94,68.14,0.31,235.96,57.97,998.24,0.04,22.94,0
25-02-2020,164.27,50.51,4.27,80.04,0.44,236.73,49.11,998.79,0.03,20.45,0.02
26-02-2020,98.67,35.94,8.83,71.42,0.39,211.33,88.6,999.54,0.03,21.77,0.01
27-02-2020,131.62,42.83,7.91,66.41,0.27,223.92,85.23,999.14,0.03,22.68,0
28-02-2020,222.54,49.02,9.6,60.61,0.35,242.83,85.05,998.71,0.03,22.78,0
29-02-2020,206.29,74.92,8.34,53.85,0.32,241.99,94.09,998.19,0.04,23.46,0
01-03-2020,83.26,38.13,4.98,93.93,0.54,234.95,43.05,999.26,0.02,17.01,0.05
02-03-2020,165.16,83.06,6.24,49.29,0.39,270.06,75.39,998.25,0.04,18.23,0
03-03-2020,205.16,29.17,8.73,72.99,0.56,187.44,84.21,999.57,0.02,24.08,0.01
04-03-2020,78.47,13.65,3.03,60.13,0.34,238.04,130.81,1000.18,0.04,30.77,0
05-03-2020,41.35,12.1,3.91,77.78,0.29,175.92,149.81,1000.29,0.02,27.22,0.02
06-03-2020,36.65,10.76,3.08,76.63,0.43,203.89,213.48,999.24,0.02,29.97,0.02
07-03-2020,7.23,16.85,15.9,79.88,0.61,135.42,117.01,996.63,-0.01,30.46,0.02
08-03-2020,54.47,16.76,23.58,85.85,0.4,242.91,124.41,991.08,0.04,30.61,0.03
09-03-2020,25.59,12.99,2.81,90.24,0.4,163.4,146.42,999.69,0.03,28.23,0.04
10-03-2020,35.72,14.38,5.09,92.91,0.56,176.74,152.16,999.49,0.02,28.09,0.05
11-03-2020,176.83,43.2,18.49,66.54,0.56,262.02,146.19,998.61,0.05,27.91,0
12-03-2020,272.04,134.12,14.58,66.6,0.2,230.93,54.33,996.72,0.04,21.62,0
13-03-2020,150.36,40.35,8.51,64.2,0.37,221.02,136.23,999.07,0.04,27.79,0
14-03-2020,139.16,23.23,6.15,57.23,0.71,310.24,125.58,999.71,0.03,26.09,0
15-03-2020,82.15,29.57,9.16,59.89,0.72,320.25,128.21,999.64,0.06,24.81,0
16-03-2020,147.22,46.59,14.94,60.44,0.43,303.83,112.24,999.1,0.05,26.68,0
17-03-2020,135.57,39.02,6.89,57,0.37,187.55,118.6,999.17,0.03,26.95,0
18-03-2020,156.84,39.79,11.28,52.58,0.42,268.48,121.51,998.68,0.03,27.15,0
19-03-2020,148.48,41.27,11.57,49.59,0.33,197.66,117.7,998.88,0.03,26.93,0
20-03-2020,90.58,38.65,11.07,47.88,0.66,275.01,126.8,999.04,0.03,26.61,0
21-03-2020,83.75,19.74,11.98,62.07,0.43,182.47,122.57,999.98,0.01,27.03,0
22-03-2020,30.12,15.03,5.54,63.3,0.62,180.84,135.64,1000.26,0.01,24.47,0
23-03-2020,58.79,17.43,7.89,66.62,0.35,200.98,127.19,1000.16,0.02,26.28,0
24-03-2020,58.29,14.43,6.53,67.69,0.36,187.44,123.71,1000.14,0.03,26.82,0
25-03-2020,71.95,14.91,7.62,70.18,0.3,205.88,109.06,1000.15,0.03,27.5,0
26-03-2020,62.84,14.34,3.62,58.05,0.42,257.22,136.79,1000.18,0.04,29,0
27-03-2020,86.34,14.14,8.77,50.15,0.45,271.18,140.93,1000.21,0.04,30.04,0
28-03-2020,78.43,14.51,7.91,51.1,0.51,276.49,149.16,1000.18,0.04,30.65,0
29-03-2020,72.14,14.15,6.75,46.43,0.67,292.99,167.93,1000.19,0.04,30.06,0
30-03-2020,78.99,14.99,6.75,41.37,0.49,264.29,151.11,1000.18,0.04,29.88,0
31-03-2020,78.72,16.22,6.56,41.68,0.43,272.69,152.67,1000.16,0.04,30.2,0
01-04-2020,75.03,82.96,3.56,94.99,0.2,243,50.03,998.59,0.04,16.89,0.05
02-04-2020,159.24,80.66,12.61,50.65,0.3,246.28,82.76,997.76,0.04,18.95,0
03-04-2020,104.86,25.59,8.35,76.21,0.45,178.15,103.15,999.9,0.03,23.44,0.01
04-04-2020,116.21,14.99,6.48,48.59,0.42,214.26,131.25,1000.19,0.03,31.11,0
05-04-2020,50.09,10.71,2.26,79.65,0.31,191.9,137.48,1000.32,0.03,28.56,0.02
06-04-2020,39,10.13,4.69,79.06,0.37,193.08,188.42,999.26,0.01,30.59,0.02
07-04-2020,40,13.74,15.86,87.11,0.63,146.26,135.58,995.64,0.02,29.36,0.03
08-04-2020,41.26,22.79,18.4,98.42,0.47,233.43,33.85,987.86,0.05,26.44,0.06
09-04-2020,32.57,15.07,3.32,89.13,0.23,192.03,125.4,999.69,0.04,28.91,0.04
10-04-2020,50.41,16.4,4.74,94.84,0.42,199,118.13,999.31,0.03,27.55,0.05
11-04-2020,223.75,63.37,31.64,45.37,0.52,238.96,151.56,997.82,0.05,26.32,0
12-04-2020,231.73,97.94,11.28,71.29,0.16,199.39,43.42,997.22,0.04,22.02,0.01
13-04-2020,54.09,9.45,1.92,75.52,0.69,141.68,133.58,1000.45,-0.02,29.61,0.01
14-04-2020,25.81,8.59,1.38,75.17,0.6,141.04,142.45,1000.45,0,30.24,0.01
15-04-2020,79.66,11.5,1.77,74.34,0.47,181.05,114.93,1000.39,-0.01,28.84,0.01
16-04-2020,94.8,14.78,2.19,69.46,0.4,188.2,135.54,1000.28,0.01,28.43,0
17-04-2020,50.23,9.57,3.05,70.01,0.53,147.43,144.57,1000.45,-0.02,29.96,0
18-04-2020,68.91,14.09,2.05,72.58,0.4,172.99,106.28,1000.39,0,28.87,0.01
19-04-2020,35.27,9.2,4,65.66,0.63,165.29,144.67,1000.45,-0.02,29.04,0
20-04-2020,32.99,9.86,1.94,77.81,0.54,158.36,121.86,1000.44,0,28.78,0.02
21-04-2020,27.06,13.14,2.34,73.35,0.68,247.02,65.93,1000.29,0.02,23.71,0.01
22-04-2020,30.16,11.37,5.75,75.78,0.4,177.96,178.5,1000.37,0.01,26.46,0.01
23-04-2020,28.15,10.28,2.47,80.98,0.46,171.8,178.7,1000.39,0.01,26.88,0.02
24-04-2020,24.64,9.94,5.19,79.43,0.53,175.59,135.13,1000.42,0,26.06,0.02
25-04-2020,40.74,10.92,5.26,72.48,0.53,205.06,151.86,1000.4,0.01,27.84,0.01
26-04-2020,18.78,10.73,3.87,73.14,0.66,184.5,146.1,1000.4,-0.01,27.61,0.01
27-04-2020,267.88,9.91,3.28,82.89,0.61,150.2,122.21,993.2,0,25.79,0.03
28-04-2020,22.93,11.03,3.39,88.6,0.43,167.34,99.76,1000.32,0.02,24.65,0.04
29-04-2020,39.86,12.97,4.43,76.98,0.47,195.7,150.33,1000.24,0.02,26.88,0.02
30-04-2020,33.08,10.44,4.22,74.29,0.46,184.46,169.76,1000.4,0.01,28.19,0.01
01-05-2020,127.11,102.77,3.24,93.74,0.39,273.48,56.15,998.09,0.04,16.75,0.05
02-05-2020,184.45,77.2,18.25,60.27,0.21,215.42,76.43,998.18,0.04,20.58,0
03-05-2020,89.82,36.63,7.03,78.25,0.45,210.52,118.32,999.43,0.04,22.27,0.02
04-05-2020,78.55,12.16,4.68,60.09,0.38,260.88,123.52,1000.32,0.03,30.49,0
05-05-2020,40.1,10.68,2.3,77.76,0.38,147.39,161.1,1000.4,0.01,29.02,0.02
06-05-2020,33.76,9.17,2.69,78.91,0.64,147.26,194.01,998.93,-0.02,30.21,0.02
07-05-2020,107.34,11.34,18.52,94.81,0.69,148.68,80.16,993.05,0.02,27.95,0.05
08-05-2020,10.45,10.19,13.67,98.43,1,161.45,73.39,989.21,-0.01,26.89,0.06
09-05-2020,29.21,11.33,1.81,84.51,0.27,188.65,176.83,999.32,0.01,29.75,0.03
10-05-2020,44.79,14.95,4.95,93.59,0.42,182.92,137.49,999.64,0.03,27.76,0.05
11-05-2020,200.75,66.39,27.63,50.89,0.33,204.11,139.3,998.24,0.03,25.36,0
12-05-2020,198.3,81.23,13.14,72.88,0.17,219.75,44.96,998.22,0.04,22.24,0.01
13-05-2020,64.8,10.52,6.04,65.51,0.43,166.99,213.77,1000.43,0,30.6,0
14-05-2020,50.28,9.59,2.72,74.33,0.43,153.75,235.33,1000,-0.01,30.52,0.01
15-05-2020,35.29,9.48,2.33,72.42,0.44,156.81,189.95,999.08,-0.01,30.83,0.01
16-05-2020,40.82,9.26,2.85,74.23,0.3,154.61,190.03,999.14,0,31.07,0.01
17-05-2020,43.29,9.65,3.62,70.9,0.34,152.19,176.29,998.96,0,31.24,0
18-05-2020,73.39,12.63,1.63,66.81,0.58,137.48,178.87,998.03,-0.01,31.23,0
19-05-2020,25.93,10.09,1.79,82.05,0.75,171.72,76.37,996.68,-0.01,28.4,0.03
20-05-2020,30.28,9.39,2.83,97.36,1.22,219.75,48.81,982.64,-0.16,24.45,0.05
21-05-2020,15.61,11.95,2.42,92.3,1,281.9,78.87,993.85,0.05,24.7,0.04
22-05-2020,42.32,11.19,2.78,82.45,0.46,187.66,185.94,998.64,0.01,28.26,0.03
23-05-2020,67.77,8.32,2.42,82.52,0.59,147.04,172.67,999.62,-0.03,29.78,0.03
24-05-2020,65.7,8.49,2.04,82.57,0.46,151.84,138.27,999.13,-0.02,29.72,0.03
25-05-2020,61.69,8.67,1.37,81.62,0.51,152.96,99.84,999.5,-0.03,29.58,0.02
26-05-2020,50.77,8.7,1.75,81.74,0.56,152.15,105.36,999.36,-0.04,29.31,0.02
27-05-2020,47.55,8.87,2.21,82.31,0.62,161.27,115.05,998.29,-0.02,28.23,0.03
28-05-2020,38.06,13.07,2.78,91.84,0.51,186.01,73.51,999.28,0.02,24.18,0.04
29-05-2020,40.33,11.36,2.77,78.87,0.52,167.2,194.54,999.42,0.01,28.93,0.02
30-05-2020,38.49,9.36,3.26,77.14,0.66,146.41,169.49,999.92,-0.01,29.47,0.02
31-05-2020,37.33,10.97,3.62,75.07,0.45,181.21,165.11,1000.33,0.01,29.07,0.01
01-06-2020,161.58,103.93,4.87,76.06,0.36,271.95,72.27,997.67,0.04,16.96,0.01
02-06-2020,177.28,59.69,8.29,62.86,0.22,221.43,76.92,998.41,0.04,20.59,0
03-06-2020,95.01,34.92,5.75,77.48,0.49,153.28,110.85,999.81,0.02,24.11,0.02
04-06-2020,68.07,13.44,4.31,51.31,0.38,259.18,148,905.6,0.04,30.84,0
05-06-2020,33.38,12.31,2.79,81.07,0.44,206.03,161.85,1000.36,0.02,26.79,0.02
06-06-2020,49.9,9.97,1.99,73.26,0.4,201.23,157.4,998.41,0.02,31.56,0.01
07-06-2020,107.34,14.06,18.71,94.27,0.6,147.23,125.57,993.36,0.01,27.73,0.05
08-06-2020,13.6,14.42,7.6,98.16,0.64,161.55,90.35,996.21,0.01,26.78,0.06
09-06-2020,22.47,10.14,3.66,86.33,0.38,163.68,201.97,999.22,-0.02,29.9,0.03
10-06-2020,33.38,16.58,6.27,90.91,0.55,167.09,154.39,998.82,0.02,28,0.04
11-06-2020,194.85,61.47,18.96,49.18,0.26,201.3,102.79,996.33,0.05,25.48,0
12-06-2020,171.53,57.19,11.89,76.39,0.17,192.24,45.37,998.74,0.04,22.71,0.01
13-06-2020,27.46,13.51,1.21,94.84,0.68,139.24,93.09,995.85,0.02,28.03,0.05
14-06-2020,17.5,12.68,2.45,97.63,0.6,137.22,80.09,997.12,0.01,27.39,0.05
15-06-2020,20.76,13.15,3.81,91.88,0.55,138.18,119,996.53,0,28.12,0.04
16-06-2020,24.04,14.04,6,95.28,0.57,136.23,121.76,995.05,0.01,27.62,0.05
17-06-2020,35.04,12.4,8.43,91.93,0.27,168.63,110.5,994.44,0.02,28.31,0.04
18-06-2020,31.08,11.48,7.81,90.67,0.38,133.21,109.9,995.67,0,28.67,0.04
19-06-2020,35.34,13.79,6.33,89.07,0.61,142.68,122.43,996.84,-0.01,29.01,0.04
20-06-2020,30.66,11.4,5.72,87.86,0.81,142.53,144.12,996.66,0,28.94,0.04
21-06-2020,27.25,11.16,7.03,94.4,0.65,141.47,95.11,994.82,0.01,27.81,0.05
22-06-2020,34.42,11.98,6.55,90.07,0.85,141.99,140.07,996.07,-0.01,28.52,0.04
23-06-2020,41.63,11.45,5.16,89.5,0.59,136.64,128.26,998.75,0,28.97,0.04
24-06-2020,45.46,9.8,8.34,81.64,0.4,146.04,223.85,999.38,0,30.4,0.02
25-06-2020,41.59,9.72,9.52,78.28,0.34,168.62,193.32,999.11,0.01,30.24,0.02
26-06-2020,25.61,10.63,9.32,79.81,0.38,170.76,166.03,999.08,0,29.39,0.02
27-06-2020,24.16,11.72,8.66,89.76,0.38,175.68,105.2,998.38,0.02,27.73,0.04
28-06-2020,22.55,11.36,8.56,92.35,0.36,174.44,134.77,998.52,0.03,27.27,0.04
29-06-2020,26.64,14.41,9.35,92.53,0.35,146.74,103.67,998.64,0.03,27.64,0.04
30-06-2020,24.83,12.98,5.48,85.7,0.29,163.5,150.92,998.6,0.02,29.48,0.03
01-07-2020,185.15,58.41,6.93,79.01,0.45,290.85,68.37,996.76,0.04,16.26,0.02
02-07-2020,195.55,48.2,9.61,53.95,0.36,231.38,62.21,998.7,0.02,20,0
03-07-2020,83.44,31.53,4.09,86.7,0.44,186.45,99.94,999.55,0.02,23.36,0.03
04-07-2020,74.91,12.12,7.7,56.15,0.42,217.6,141.95,1000.39,0.01,30.6,0
05-07-2020,35.77,10.06,2.23,74.48,0.4,166.6,186.37,1000.37,0.01,28.33,0.01
06-07-2020,54.02,10.77,1.71,82.07,0.33,177.57,126.43,998.27,0.03,29.49,0.03
07-07-2020,107.34,12.35,22.8,92.37,0.72,147.47,34.78,997.52,0.01,28.58,0.04
08-07-2020,24.59,12.97,6.09,93.07,0.46,154.81,135.87,997.82,0.01,28.6,0.05
09-07-2020,18.92,9.3,4.17,87.38,0.34,165.17,164.23,999.38,0,29.6,0.04
10-07-2020,36.63,14.72,5.75,94.27,0.47,164.02,130.77,999.82,0.02,27.72,0.05
11-07-2020,221.12,60.86,23.63,50.17,0.41,242.11,111.08,998.26,0.05,24.44,0
12-07-2020,172.96,81.26,10.39,73.11,0.24,226.1,48.79,997.21,0.04,23.06,0.01
13-07-2020,107.34,13.63,28.44,91.62,0.43,163.4,137.76,1000.35,0.03,28.35,0.04
14-07-2020,107.34,12.24,22.4,85.35,0.83,164.22,142.88,1000.42,0.01,29.31,0.03
15-07-2020,12.6,12.58,10.02,89,0.65,160.05,137.29,997.69,0,28.26,0.04
16-07-2020,15.95,11.2,8.68,81.76,0.7,156.21,143.77,997.57,-0.02,29.48,0.02
17-07-2020,13.59,11.1,18.02,81.45,0.75,156.35,144.54,998.48,-0.03,29.63,0.02
18-07-2020,27.37,13.67,22.99,81.35,0.45,161.96,147.18,998.8,-0.02,30.13,0.02
19-07-2020,23.03,11.03,6.99,84.08,0.37,192.72,142.95,998.92,0,29.33,0.03
20-07-2020,22.74,13.38,12.92,89.32,0.32,171.9,139.61,998.34,0,28.7,0.04
21-07-2020,30.4,13.54,20.29,93.01,0.26,203.15,134.66,999,0.02,27.77,0.05
22-07-2020,23.26,15.26,13.99,93.68,0.24,186.38,134.13,998.61,0.03,27.67,0.05
23-07-2020,12.7,11.29,13.51,96.83,0.4,179.87,125.76,998.58,0.02,26.09,0.05
24-07-2020,31.53,15.25,15.9,93.75,0.48,155.04,134.11,999.81,0.01,27.66,0.05
25-07-2020,34.03,12.66,18.11,85.6,0.32,172.97,141.76,1000.44,0.01,29.1,0.03
26-07-2020,32.49,12.18,22.37,84.32,0.33,209.74,148.13,999.31,0.03,30.3,0.03
27-07-2020,40.14,18.62,26.08,91.07,0.33,185.27,141.88,998.56,0.02,29.13,0.04
28-07-2020,40.81,16.41,16.56,88.96,0.42,158.15,142.82,998.94,0.01,29.3,0.04
29-07-2020,22.59,10.54,11.4,91.56,0.52,172.27,136.54,999.49,0,28.12,0.04
30-07-2020,14.82,10.8,12.71,83.08,0.46,160.08,145.91,999.15,-0.01,29.89,0.03
31-07-2020,10.66,12.14,13.24,85.69,0.47,159.72,144.54,998.52,0,29.63,0.03
01-08-2020,190.56,70.05,4.32,74.85,0.24,252.03,70.59,997.76,0.04,18.22,0.01
02-08-2020,272.06,52.21,16.08,64.87,0.47,318.96,51.88,998.67,0.05,18.47,0
03-08-2020,102.05,41.57,4.05,74.54,0.51,261.97,121.06,999.48,0.04,24.55,0.01
04-08-2020,58.27,11.66,5.38,49.93,0.42,224.74,107.65,1000.37,0.03,29.56,0
05-08-2020,44.43,9.85,2.38,72.97,0.46,163.16,185.01,1000.42,0,28.72,0.01
06-08-2020,51.66,14.14,2.3,83.87,0.33,175.03,149.5,997.74,0.03,29.36,0.03
07-08-2020,107.34,13.31,29.56,88.6,0.53,217.18,57.09,1000.39,0.03,29.37,0.04
08-08-2020,29.98,10.87,5.43,91.99,0.49,165.05,104.7,995.91,0.02,29.16,0.04
09-08-2020,32.32,13.88,4.73,91.33,0.32,191.19,147.32,999.74,0.02,28.8,0.04
10-08-2020,47.45,19.06,4.31,91.7,0.18,204,103.43,999.35,0.05,28.13,0.04
11-08-2020,173.99,63.29,20.98,57.29,0.39,245,119.81,998.58,0.05,24.31,0
12-08-2020,233.49,72.44,8.22,89.25,0.36,225.05,84.36,997.35,0.04,21.25,0.04
13-08-2020,16.03,11.67,7.46,85.32,1.11,159.61,169.6,994.62,-0.01,29.65,0.03
14-08-2020,18.57,13.63,7.19,91.76,0.99,164.17,159.84,992.26,-0.03,28.88,0.04
15-08-2020,14.99,11.53,6.32,95.9,0.97,158.64,107.98,990.5,-0.05,28.07,0.05
16-08-2020,21.33,11.46,6.52,91.98,0.66,155.9,157.25,992.87,-0.01,28.57,0.04
17-08-2020,24.1,13.85,6.46,97.43,0.58,148.84,73.79,994.59,0,27.3,0.05
18-08-2020,22.61,15.28,5.06,95.23,0.44,156.05,86.12,994.93,0.02,27.33,0.05
19-08-2020,16.68,13.43,6.52,96.2,0.98,164.18,116.45,992.36,-0.03,27.01,0.05
20-08-2020,10.91,10.94,6.95,98.67,1.18,157.67,69.77,994.9,-0.02,26.35,0.06
21-08-2020,21.74,10.01,3.39,98.79,0.91,150.82,53.6,998.94,-0.02,25.97,0.06
22-08-2020,26.85,21.76,3.01,97.24,0.3,172.48,88.4,999.49,0.03,26.94,0.05
23-08-2020,35.08,14.3,3.23,95.33,0.28,208.35,100.63,998.84,0.03,27.62,0.05
24-08-2020,39.49,25.81,3.05,94.63,0.38,283.13,99.83,998.48,0.04,27.25,0.05
25-08-2020,48.79,20.3,2.83,87.14,0.54,240.41,188.41,997.11,0.02,29.18,0.03
26-08-2020,19.42,13.55,4.75,97.07,0.99,182.27,113.38,995.44,-0.03,27.1,0.05
27-08-2020,17.49,8.91,2.74,98.35,1,148.87,75.49,998.44,-0.03,26.22,0.06
28-08-2020,31.66,10.89,2.38,92.89,0.47,168.54,165.11,998.66,-0.01,28.07,0.05
29-08-2020,38.58,10.56,4.08,87.31,0.33,168.77,183.78,999.36,0,29.68,0.04
30-08-2020,43.66,13.18,5.14,84.7,0.33,221.66,146.1,999.11,0.02,30.41,0.03
31-08-2020,50.54,11.57,4.69,85.07,0.34,240.72,124.51,999.01,0.03,30.83,0.03
01-09-2020,131.86,60.3,5.5,81.47,0.25,209.77,56.5,998.51,0.04,18.32,0.02
02-09-2020,219.02,61.01,13.67,57.77,0.57,297.75,80.65,999.26,0.05,19.81,0
03-09-2020,151.69,41.43,5.04,53.86,0.36,267,132.79,999.29,0.04,24.61,0
04-09-2020,51.9,12.46,7.15,45.89,0.39,215.51,144.69,1000.38,0.02,29.23,0
05-09-2020,66.2,10.45,2.01,67.42,0.39,200.33,205.32,1000.38,0.03,31.06,0
06-09-2020,50.21,11.85,1.66,78.57,0.42,153.63,189.59,997.97,0.02,30.87,0.02
07-09-2020,107.34,12,24.97,87.5,0.69,267.45,144.03,1000.38,0.06,29.53,0.04
08-09-2020,18.53,10.76,4.1,90.2,0.86,156.58,163.21,995.75,0,28.67,0.04
09-09-2020,42.8,14.77,2.98,88.32,0.26,190.97,140.73,999.06,0.02,29.24,0.04
10-09-2020,60.25,22.61,5,90.33,0.31,265.41,151.59,999.39,0.04,28.78,0.04
11-09-2020,140.69,84.09,13.9,64.03,0.22,205.06,113.37,997.53,0.03,24.86,0
12-09-2020,257.3,64.51,8.32,88.44,0.35,250.13,155.12,998.14,0.04,20.98,0.04
13-09-2020,20.54,11.71,7.72,89.28,0.57,154.13,110.24,1000.48,0,29.11,0.04
14-09-2020,17.68,12.11,6.3,88.05,0.57,154.59,89.67,999.47,0.02,29.31,0.04
15-09-2020,29.03,13.1,3.95,92.95,0.46,170.9,55.63,999.56,0.01,28.45,0.05
16-09-2020,23.33,10.17,5.76,86.79,0.45,155.2,138.19,999.08,0,29.75,0.03
17-09-2020,26.42,10.14,6.81,85.34,0.42,161.09,155.38,998.81,-0.01,30.18,0.03
18-09-2020,34.61,16.39,6.67,84.72,0.38,209.14,153.95,998.32,0.01,29.98,0.03
19-09-2020,49.77,22.74,6.78,80.23,0.29,260.09,116.29,996.34,0.03,30.6,0.02
20-09-2020,44.38,17.52,6.35,90.1,0.63,207.62,85.9,994.57,0.03,28.79,0.04
21-09-2020,23.27,12.33,7.14,95.59,0.98,161.68,81.43,994.42,0,27.68,0.05
22-09-2020,28.2,14.05,5.48,96.22,0.75,149.87,70.37,997.29,-0.02,27.85,0.05
23-09-2020,26.07,12.46,5.65,97.9,0.55,148.67,64.05,999.01,-0.01,27.05,0.05
24-09-2020,30.82,10.85,6.7,95.56,0.39,152.09,107.57,999.77,-0.01,28.17,0.05
25-09-2020,37.97,13.2,6.14,97.48,0.25,195.21,93.47,998.93,0.03,27.61,0.05
26-09-2020,46.73,14.88,5.69,97.17,0.56,147.78,93.26,998.41,-0.01,27.68,0.05
27-09-2020,52.39,14.97,8.52,83.55,0.42,221.98,186.06,998.95,0.03,29,0.03
28-09-2020,83.19,18.34,5.85,92.05,0.2,210.2,111.92,999.23,0.06,28.74,0.04
29-09-2020,45.59,18.13,10.56,84.98,0.36,187.47,182.21,998.73,0.03,29.66,0.03
30-09-2020,34.8,18.28,8.28,85.35,0.45,201.49,112.47,998.58,0.03,29.42,0.03
01-10-2020,125.05,53.11,12.43,71.3,0.7,326.05,68.66,998.05,0.05,18.13,0.01
02-10-2020,204.6,83.93,10.03,51.22,0.47,285.68,77.86,998.49,0.04,19.17,0
03-10-2020,174.72,40.31,6.04,54.68,0.33,235.9,124.69,998.76,0.04,24.78,0
04-10-2020,42.77,9.61,3.61,69.32,0.33,165.45,140.92,1000.43,0.01,29.33,0
05-10-2020,50.3,9.88,2.73,73.69,0.48,168.96,222.49,1000.43,0.01,30.06,0.01
06-10-2020,36.55,12.42,1.91,81.14,0.68,160.72,136.17,997.67,-0.01,29.86,0.02
07-10-2020,107.34,10.31,18.36,81.68,0.69,270.52,147.25,1000.4,0.06,30.14,0.02
08-10-2020,18.89,11.62,4.54,87.72,0.82,154.28,157.77,996.5,0,29.5,0.04
09-10-2020,34.46,13.12,3.93,93.41,0.25,181.92,109.89,998.43,0.02,28.7,0.05
10-10-2020,64.43,35.84,5.33,84.13,0.45,268.07,78.56,1000,0.05,29.5,0.03
11-10-2020,119.71,59.7,9.93,58.83,0.3,236.83,120.99,997.69,0.03,26.68,0
12-10-2020,238.09,89.25,8.73,85.4,0.35,207.63,148.76,997.79,0.04,21.18,0.03
13-10-2020,67.14,23.84,7.99,79.9,0.58,173.27,136.62,999.4,0.02,30.24,0.02
14-10-2020,35.82,17.15,8.49,82.52,0.75,165.61,126.89,999.98,0.01,29.66,0.03
15-10-2020,36.8,18.84,6.79,82.34,0.65,175.82,143.8,999.65,0.01,29.45,0.03
16-10-2020,88.27,42.29,10.62,83.9,0.35,232.9,108.79,999.57,0.04,29.05,0.03
17-10-2020,109.26,22.82,6.29,78.14,0.34,284.44,123.7,999.57,0.04,30.18,0.02
18-10-2020,105.05,25.79,5.02,86.29,0.45,206.74,92.71,999.32,0.02,29.08,0.03
19-10-2020,73.88,35.58,5.02,89.82,0.32,253.48,141.8,999.99,0.04,28.24,0.04
20-10-2020,101.04,21.15,7.56,80.14,0.57,221.46,159.16,999.69,0,29.52,0.02
21-10-2020,28.13,16.79,6.06,87.53,0.87,185.78,146.67,999.69,-0.01,28.12,0.04
22-10-2020,27.86,18.4,6.09,95.35,0.59,214.07,102.51,999.5,-0.04,25.72,0.05
23-10-2020,32.34,17.17,6.17,98.25,0.83,273.82,40.22,998.14,0.05,24.93,0.06
24-10-2020,44.08,25.85,7.11,86.77,0.59,290.59,138.98,999.9,0.04,26.54,0.03
25-10-2020,76.05,24.32,8.16,83.54,0.34,258.81,166.52,999.69,0.04,27.62,0.03
26-10-2020,120.45,40.09,10.74,70.68,0.33,262.28,155.54,999.69,0.04,27.34,0
27-10-2020,144.2,42.54,14.12,59.02,0.33,241.08,172.7,993.04,0.04,27.14,0
28-10-2020,171.83,39.84,13.8,66.41,0.5,305.5,170.5,997.9,0.05,27.01,0
29-10-2020,125.23,33.35,12.3,69.55,0.6,269.28,166.1,999.04,0.05,28.1,0
30-10-2020,113.83,29.21,14.94,67.35,0.81,287.87,176.31,999.56,0.05,28.48,0
31-10-2020,113.04,25.13,13.16,76.99,0.61,225.63,119.08,999.83,0.04,27.49,0.02
01-11-2020,138.16,63.87,11.34,74.36,0.61,305.53,68.78,998.65,0.04,16.14,0.01
02-11-2020,286.74,136.67,10.22,51.99,0.4,259.68,79.76,997.07,0.05,19.39,0
03-11-2020,150.21,28.49,7.65,61.11,0.47,265.21,120.63,999.47,0.04,26.34,0
04-11-2020,44.3,9.46,2.82,67.18,0.43,193.58,136.87,1000.42,0,29.8,0
05-11-2020,54.8,12.28,4.87,66.22,0.49,238.89,204.77,1000.29,0.03,28.51,0
06-11-2020,23.99,13.04,1.88,91.96,0.68,149.08,81.62,996.39,0,27.98,0.04
07-11-2020,107.34,11.14,22.51,90.77,0.69,270.52,138.51,1000.41,0.06,28.49,0.04
08-11-2020,21.44,10.79,6.08,86.54,0.47,161.66,140.21,996.06,-0.01,29.98,0.03
09-11-2020,19.46,9.48,9.73,86.23,0.54,152.58,165.69,998.86,-0.01,29.33,0.03
10-11-2020,81.73,28.26,6.87,84.52,0.3,257.15,60.62,999.17,0.04,29.16,0.03
11-11-2020,98.88,54.07,9.26,52.86,0.35,267.55,112.84,998.5,0.01,27.56,0
12-11-2020,200.97,51.11,9.1,93.01,0.33,242.84,105.46,998.61,0.04,18.9,0.05
13-11-2020,109.19,36.1,13.91,49.63,0.46,211.06,113.79,997.56,0.04,27.35,0
14-11-2020,148.4,44.33,15.41,47.44,0.46,214.75,130.41,998.57,0.05,26.7,0
15-11-2020,163.13,46.15,16.15,48.17,0.42,228.98,132.38,998.8,0.05,26.19,0
16-11-2020,146.75,55.12,19.87,51.17,0.4,256.4,117.51,999,0.05,25.58,0
17-11-2020,203.7,62.78,25.54,62.21,0.35,226.56,105.97,998.61,0.05,25.02,0
18-11-2020,178.86,42.94,14.33,67.25,0.31,198.6,96.6,999.21,0.04,25.78,0
19-11-2020,108.14,30.72,10.99,77.09,0.27,233.25,103.77,999.69,0.04,25.86,0.02
20-11-2020,125.34,34.83,10.45,80.09,0.31,269.28,116.55,999.35,0.04,26.84,0.02
21-11-2020,178.82,48.65,9.68,94.78,0.41,288.91,64.83,998.59,0.05,23.57,0.05
22-11-2020,155.59,58.92,10.05,57.15,0.52,232.58,105.73,998.75,0.06,22.31,0
23-11-2020,167.79,113,8.58,53.57,0.32,216.61,11.2,997.41,0.04,21.07,0
24-11-2020,194.88,81.33,10.49,61.47,0.3,216.91,60.44,997.61,0.05,21.24,0
25-11-2020,181.8,75.08,12.98,68.67,0.33,225.12,63.01,998,0.05,21.87,0
26-11-2020,190.21,82.06,16.25,73.83,0.29,242.01,56.45,997.08,0.05,22.02,0.01
27-11-2020,163.77,52.94,16.06,65.24,0.71,231.8,69.06,998.86,0.06,23.2,0
28-11-2020,154.88,60.31,12.96,58.68,0.6,211.18,72.41,998.85,0.06,23.08,0
29-11-2020,189.99,83.54,13.51,58.51,0.41,195.4,76.43,998.5,0.06,22.45,0
30-11-2020,189.44,110.44,15.5,53.6,0.4,222.93,73.93,997.12,0.05,22.11,0
01-12-2020,115.6,54.36,9.65,69.25,0.56,299.86,71.29,999.16,0.04,16.77,0
02-12-2020,260.43,160.94,9.08,53.13,0.45,253.27,80.79,996.84,0.04,19.39,0
03-12-2020,147.42,28.87,7.58,66.54,0.44,254.03,131.66,999.75,0.04,26.58,0
04-12-2020,66.89,9.51,2.93,69.5,0.8,142.82,121.3,1000.43,-0.01,28.54,0
05-12-2020,75.86,14.16,7.62,63.44,0.35,201.81,217.97,1000.37,0.03,30.79,0
06-12-2020,28.45,13.28,4.09,97.46,0.67,141.42,72.64,995.28,0.01,26.97,0.05
07-12-2020,107.34,11.69,25.68,87.29,0.69,227.6,143.36,1000.39,0.04,29.4,0.04
08-12-2020,23.05,13.43,5.48,86.22,0.58,160.98,104.33,995.87,0.01,29.93,0.03
09-12-2020,21.68,10.95,7.38,86.03,0.53,156.23,131.66,1000.47,0,29.45,0.03
10-12-2020,95.09,35.75,10.33,80.39,0.36,211.09,137.91,998.66,0.04,29.98,0.02
11-12-2020,134.33,48.65,23,52.59,0.55,195.31,83.57,997.98,0.06,26.93,0
12-12-2020,205.44,62.4,11.95,83.15,0.35,242.39,45.46,998.61,0.04,19.36,0.03
13-12-2020,172.04,100.16,9.41,80.41,0.25,224.18,44.67,997.53,0.05,20.99,0.02
14-12-2020,181.57,83.17,8.19,71.82,0.3,179.6,47.09,997.07,0.05,22.01,0.01
15-12-2020,167.75,73.6,10.77,62.61,0.36,221.55,44.44,997.63,0.05,22.24,0
16-12-2020,186.89,77.39,13.76,57.45,0.32,218.72,45.8,995.77,0.04,22.41,0
17-12-2020,197.83,89.87,12.27,61.23,0.37,211.2,46.4,997.16,0.05,21.27,0
18-12-2020,163.48,77.2,13.29,59.26,0.41,212.74,49.17,997.96,0.05,19.66,0
19-12-2020,151.99,62.79,10.89,47.96,0.49,268.28,50.79,998.71,0.05,17.69,0
20-12-2020,156.29,66.98,11.14,52.18,0.48,215.8,51.35,998.97,0.05,17.14,0
21-12-2020,199.44,90.68,11.95,66.05,0.41,266.87,46.97,998.03,0.05,17.1,0
22-12-2020,352.98,110.11,13.48,71.47,0.3,259.12,46.31,997.23,0.04,17.7,0.01
23-12-2020,215.49,117.9,9.31,71.59,0.31,232.33,47.77,996.64,0.05,18.61,0.01
24-12-2020,254.9,140.01,8.84,68.66,0.28,204.61,48.89,995.54,0.05,19.61,0
25-12-2020,263.21,87.91,9.57,66.58,0.28,252.58,49.32,997.03,0.04,19.33,0
26-12-2020,250.52,94.46,9.35,58.34,0.37,222.52,48.57,997.45,0.05,18.43,0
27-12-2020,236.99,108.43,10.91,54.83,0.35,220.87,47.93,998.05,0.05,18.03,0
28-12-2020,289.48,145.28,6.78,62.75,0.28,228.92,46.67,996.11,0.04,17.93,0
29-12-2020,374.02,163.14,11.55,63.76,0.25,168.23,46.4,994.53,0.04,18.47,0
30-12-2020,269.34,98.18,7.68,60.12,0.33,169.03,45.97,996.59,0.04,19.05,0
31-12-2020,229.6,82.54,13.23,51.97,0.43,221.41,48.8,997.66,0.05,19.5,0
01-01-2021,238.57,101.45,12.26,57.83,0.48,226.07,50.68,997.45,0.05,18.85,0
02-01-2021,219.13,88.14,10.44,56.27,0.4,271.63,57.53,998.53,0.04,16.98,0
03-01-2021,109.14,32.56,9.66,67.04,0.45,210.41,73.24,999.34,0.02,27.9,0
04-01-2021,142.92,27.63,8.65,64.05,0.45,178.69,94.51,997.35,0,30.76,0
05-01-2021,80.53,23.94,9.79,53.17,0.42,190.99,98.37,1000.26,0,30.14,0
06-01-2021,56.43,17.84,2.4,91.49,0.79,169.71,174.88,1000.29,0,29.86,0.04
07-01-2021,42.37,22.48,7.43,99.38,0.74,158.32,63.51,999.69,0.02,26.42,0.06
08-01-2021,50.74,15.87,8.71,98.06,0.59,178.7,186.45,996.35,0.02,29.83,0.06
09-01-2021,29.16,29.34,7.37,94.66,0.54,153.31,183.61,1000.53,0.02,29.57,0.05
10-01-2021,27.28,28.74,6.53,96.21,0.73,134.25,155.24,1000.48,0.03,29.26,0.05
11-01-2021,145.38,80.95,21.27,68.43,0.67,243.77,148.56,1000.14,0.05,26.21,0
12-01-2021,184.06,139.96,25.46,79.62,0.79,282.01,135.42,1000.02,0.06,22.92,0.02
13-01-2021,144.26,41.31,4.88,65.19,0.38,206.9,49.99,999.65,0,19.25,0
14-01-2021,208.01,49.01,7.09,61.24,0.37,216.29,48.2,999.66,0.02,19.43,0
15-01-2021,239.81,59.64,9.95,58.46,0.25,241.75,48.58,998.87,0.03,19,0
16-01-2021,234.23,52.61,9.16,69.65,0.37,209.66,46.61,998.89,0.03,18.16,0
17-01-2021,281.79,58.53,8.93,70.9,0.35,225.75,47.73,999.11,0.04,17.96,0
18-01-2021,256.96,83.93,10.22,76.87,0.24,257.39,49.2,998.61,0.04,17.05,0.02
19-01-2021,209,54.44,8.43,81.15,0.24,168.34,45.71,999.38,0.03,23.3,0.02
20-01-2021,159.84,80.47,13.14,83.39,0.4,228.05,42.55,998.11,0.04,23.19,0.03
21-01-2021,196.77,114.55,13.79,55.74,0.34,236.68,54.31,997.86,0.04,22.18,0
22-01-2021,185.88,92.68,8.84,57.21,0.33,243.79,51.38,998.65,0.03,19.86,0
23-01-2021,226.29,92.05,12.29,72.87,0.37,268.12,53.26,998.44,0.04,18.4,0.01
24-01-2021,223.2,71.43,13.89,70.26,0.42,186.11,54.41,999.37,0.02,20.43,0
25-01-2021,233.83,79.11,17.58,71.21,0.33,171.95,44.38,998.8,0.04,20.92,0.01
26-01-2021,212.57,80.89,12.57,77.39,0.54,192.48,51.34,999.22,0.06,18.73,0.02
27-01-2021,217.91,88.72,16.57,61.5,0.57,238.14,53.73,999.1,0.06,18.15,0
28-01-2021,209.79,89.19,13.54,60.71,0.53,192.34,57.05,998.68,0.05,17.71,0
29-01-2021,207.22,79.98,12.37,63.39,0.39,276.47,53.37,999.01,0.04,18.8,0
30-01-2021,261.82,93.83,17.48,58.08,0.47,237.52,52.33,998.84,0.05,18.15,0
31-01-2021,235.24,66.8,11.13,56.64,0.53,211.63,54.22,999.03,0.05,17.08,0
01-02-2021,356.2,135.27,13.47,60.06,0.33,263.32,49.49,997.14,0.04,18.51,0
02-02-2021,237.9,156.31,11,52.26,0.35,215.37,58.23,997.2,0.05,18.04,0
03-02-2021,123.24,26.35,10.32,75.87,0.5,188.66,68.12,999.78,0.02,27.05,0.01
04-02-2021,126.2,25.52,6.42,71.18,0.58,165.58,95.57,999.72,-0.01,29.68,0.01
05-02-2021,102.05,31.74,6.3,75.56,0.62,189.7,89.45,1000.17,-0.01,28.47,0.01
06-02-2021,43.58,16.97,5.68,91.32,0.78,143.32,147.9,1000.38,0,28.73,0.04
07-02-2021,47.09,22.12,7.09,99.23,0.73,187.91,118.89,999.69,0.02,28.19,0.06
08-02-2021,65.84,23.46,9.58,98.16,0.74,218.78,134.73,996.86,0.04,29.9,0.06
09-02-2021,34.91,33.89,5.69,94.81,0.57,196.27,133.72,999.92,0.04,28.31,0.05
10-02-2021,29.82,25.8,8.42,98.2,0.57,134.5,164.57,1000.51,0.01,29.62,0.06
11-02-2021,145.87,68.9,15.59,66.13,0.79,286.98,150.68,1000.07,0.05,26.32,0
12-02-2021,196.19,173.22,25.21,77.73,0.49,249.02,130.44,999.68,0.05,23.12,0.02
13-02-2021,155.64,78.57,12.04,70.46,0.26,201.13,63.38,998.19,0.03,23.27,0
14-02-2021,121.13,50.53,8.43,79.28,0.33,207.62,55.86,999.74,0.04,23.1,0.02
15-02-2021,119.58,83.45,10.15,70.39,0.29,209.16,63.94,998.74,0.04,24,0
16-02-2021,153.8,62.11,13.64,66.32,0.25,241.37,61.58,998.98,0.04,24.37,0
17-02-2021,242.67,77.69,16.99,71.61,0.48,273.33,53.21,998.73,0.05,22.51,0.01
18-02-2021,193.49,124.01,11.88,57.05,0.28,244.78,62.2,996.71,0.03,23.62,0
19-02-2021,224.22,128.16,11.9,54.49,0.32,203.93,60.72,996.85,0.03,24.67,0
20-02-2021,245.54,84.62,11.56,57.89,0.32,233.77,43.8,998.52,0.04,23.22,0
21-02-2021,195.03,114.28,15.38,50.59,0.32,201.55,62.27,998.57,0.04,23.54,0
22-02-2021,216.45,98.67,16.17,50.6,0.29,218.17,61.16,998,0.03,24.47,0
23-02-2021,168.75,42.28,16.37,59.28,0.25,227.61,62.58,999.04,0.04,24.85,0
24-02-2021,176.29,103.96,12.65,67.22,0.38,268.48,64.98,998.12,0.04,24.98,0
25-02-2021,163.9,68.51,16.13,52.77,0.4,249.95,67.61,999.09,0.04,26.8,0
26-02-2021,141.45,67.95,12.68,60.73,0.27,205.76,66.86,999.42,0.04,26.97,0
27-02-2021,152.16,76.64,15.15,46.63,0.43,241.14,76.54,998.97,0.04,28.41,0
28-02-2021,120.13,39.23,11.4,60.46,0.35,223.99,66.98,999.94,0.03,28.07,0
01-03-2021,346.3,194.97,8.03,65.93,0.21,193.45,49.29,995.1,0.04,19.06,0
02-03-2021,267.98,183.56,15.6,52.53,0.36,219.91,54.67,996.56,0.05,18.35,0
03-03-2021,104.12,50.54,12.84,46.96,0.54,191.51,71.6,999.09,0.05,26.65,0
04-03-2021,148.3,26.73,3.24,71.05,0.54,221.02,96.4,999.59,0.01,29.99,0
05-03-2021,50.78,26.76,8.54,65.18,0.54,228.32,99.48,1000.16,0.01,28.08,0
06-03-2021,46.23,16.36,9.22,84.25,0.62,159.58,175.69,1000.43,-0.01,30.66,0.03
07-03-2021,49.28,21.92,8.76,99.22,0.67,164.47,107.13,999.69,0.03,28.97,0.06
08-03-2021,64.13,32.66,5.86,98.47,0.53,222.15,104.5,997.5,0.04,28.13,0.06
09-03-2021,40.02,33.84,5.36,92.87,0.66,169.18,143.64,998.74,0.04,30.29,0.05
10-03-2021,36.25,27.39,11.08,98.46,0.49,168.47,135.66,1000.52,0.01,29.24,0.06
11-03-2021,135.65,57.43,18.86,66.66,0.87,277.19,156.25,1000.15,0.04,26.22,0
12-03-2021,188.32,155.05,16.19,80.08,0.39,237.55,101,999.67,0.04,23.53,0.02
13-03-2021,155.63,47.11,11.06,71.34,0.79,276.59,69.82,999.33,0.04,25.9,0.01
14-03-2021,108.47,53.67,11.06,54.64,0.35,237.39,80.96,999.37,0.04,26.42,0
15-03-2021,114.43,42.46,24.26,55.26,0.33,276.97,77.65,999.55,0.03,27.84,0
16-03-2021,142.53,71.51,10.62,54.66,0.43,272.65,82.13,998.39,0.04,28.39,0
17-03-2021,186.15,58.4,17.17,47.67,0.3,236.5,82.35,998.4,0.04,29.48,0
18-03-2021,177.47,70.37,12.11,49.74,0.44,246.41,83.35,998.61,0.04,29.03,0
19-03-2021,212.81,99.72,12.71,46.84,0.28,228.76,86.11,998.28,0.04,29.46,0
20-03-2021,273.35,68.61,15.89,47.04,0.31,224.52,76.4,998.42,0.04,30.34,0
21-03-2021,215.68,46.11,13.96,60.4,0.32,191.1,77.44,999.74,0.03,30.13,0
22-03-2021,195.09,56.01,11.48,56.18,0.32,215.28,82.06,999.13,0.03,30.78,0
23-03-2021,188.84,46.6,16.51,50.91,0.25,199.73,81.84,999.65,0.03,30.95,0
24-03-2021,161.24,40.88,10.79,56.07,0.34,229.04,87.28,999.31,0.04,30.67,0
25-03-2021,184.13,52.35,13.42,35.47,0.4,213.37,92.33,999.08,0.05,31.25,0
26-03-2021,170.95,44.17,16.54,33.91,0.31,207,83.45,999.33,0.03,30.76,0
27-03-2021,195.19,42.25,13.85,37.56,0.38,211.16,98.32,998.95,0.03,30.83,0
28-03-2021,146.51,28.4,10.33,64.51,0.44,199.65,87.21,999.7,0.01,29.39,0
29-03-2021,105.34,25.99,12.3,75.69,0.45,169.21,102.1,997.85,-0.02,29.62,0.01
30-03-2021,113.15,30.43,20.25,75.21,0.41,163.56,112.66,995.26,-0.02,31.13,0.01
31-03-2021,130.25,32.86,16.36,66.88,0.35,218.96,89.81,994.11,0.02,31.32,0
01-04-2021,251.25,132.25,9.98,64.77,0.25,155.27,50.9,995.9,0.05,20.49,0
02-04-2021,259.98,144.18,13.84,51.33,0.31,216.89,56.99,996.16,0.05,19.5,0
03-04-2021,132.92,41.91,20.38,52.13,0.33,223.57,67.8,999.39,0.03,26.81,0
04-04-2021,115.65,27.82,5.49,62.45,0.59,220.91,91.74,1000,0.01,29.4,0
05-04-2021,56.92,29.34,4.64,84.96,0.42,215.6,81.67,999.97,0.02,25.31,0.03
06-04-2021,55.25,17.93,8.63,87.25,1.2,140.04,158.71,1000.43,0,31.17,0.04
07-04-2021,45.89,22.54,4.86,99.34,0.66,154.33,119.07,999.69,0.04,28.01,0.06
08-04-2021,66.35,36.87,7.76,98.4,1.02,301.31,68.88,997.74,0.05,26.99,0.06
09-04-2021,53.34,36.67,5.36,98.22,0.5,220.82,115.44,998.8,0.05,30.09,0.06
10-04-2021,47.26,28.26,16.88,98.35,0.44,186.38,148.64,1000,0.03,29.57,0.06
11-04-2021,198.23,70.67,28.5,73.57,0.58,256.42,142.13,999.99,0.05,25.78,0.01
12-04-2021,160.02,89.85,15.33,94.47,0.57,261.75,37.39,1000.11,0.04,21.65,0.05
13-04-2021,59.07,23.21,5.1,74.34,0.35,182.9,93.77,1000.3,-0.01,30.01,0.01
14-04-2021,59.27,22.58,5.77,73.81,0.39,185.29,100.39,1000.33,-0.02,30.28,0.01
15-04-2021,61.55,23.83,5.27,73.76,0.43,168.29,82.58,1000.31,-0.02,30.11,0.01
16-04-2021,74.75,26.78,5.79,70.32,0.4,183.39,71.47,1000.23,0,29.81,0
17-04-2021,74.43,24.34,4.65,70.06,0.79,177.98,99.68,1000.16,-0.02,28.62,0
18-04-2021,54.81,22.21,6.47,72.03,0.41,183.03,93.24,1000.33,0,28.49,0.01
19-04-2021,76.89,25.98,9.13,58.48,0.38,250.49,103.13,1000.16,0.02,30.45,0
20-04-2021,62.7,20.6,3.95,77.36,0.39,165.72,100.48,1000.29,-0.02,30.47,0.02
21-04-2021,70.2,24.19,4.55,77.39,0.61,175.85,98.62,1000.34,-0.03,30.09,0.02
22-04-2021,83.58,40.78,9.39,78.32,0.38,262.13,70.84,999.62,0.03,27.37,0.02
23-04-2021,145.24,78.39,10.98,55.54,0.49,278.5,99.71,998.4,0.05,30,0
24-04-2021,122.65,32.55,7.8,53.5,0.28,209.22,101.49,999.74,0.02,31.81,0
25-04-2021,142.75,32.89,6.35,61.32,0.42,160.39,95.8,1000.19,-0.02,31.91,0
26-04-2021,92.61,23.14,7.31,64.61,0.4,165.6,93.68,1000.34,-0.02,31.46,0
27-04-2021,103.91,25.79,4.16,75.98,0.4,187.79,96.67,1000.16,-0.01,30.96,0.01
28-04-2021,82.88,21.62,2.43,76.78,0.5,164.74,119.17,1000.29,-0.02,31.1,0.02
29-04-2021,109.19,27.19,4.25,52.97,0.52,185.98,127,1000.15,-0.02,31.87,0
30-04-2021,88.95,22.32,4.92,63.97,0.59,200.32,100.57,1000.26,-0.01,30.15,0
01-05-2021,196.73,103.51,10.36,64.6,0.28,196.85,51.15,996.18,0.05,21.61,0
02-05-2021,240.87,165.82,13.32,52.99,0.21,182.08,56.19,996.89,0.04,20.7,0
03-05-2021,110.95,21.99,10.38,74.05,0.5,202.31,69.38,1000.17,0,27.11,0.01
04-05-2021,86.32,37.9,7.32,60.88,0.36,218.6,93.52,999.9,0.02,27.86,0
05-05-2021,51.44,22.89,6.56,79.89,0.62,198.22,83.76,1000.05,0.01,26.62,0.02
06-05-2021,53.6,17.55,7.46,83.44,1.97,143.35,164.97,1000.32,0,31,0.03
07-05-2021,58.09,20.46,7.55,97.44,0.87,141.98,155.94,999.69,0.02,29.83,0.05
08-05-2021,55.52,39.09,7.34,98.21,0.71,270.58,128.28,996.38,0.04,28.14,0.06
09-05-2021,43.02,30,5.8,93.61,1.13,189.39,209.09,998.61,0.03,30.55,0.05
10-05-2021,40.79,35.88,29.11,98.42,0.47,172.62,114.03,1000.47,0.03,28.96,0.06
11-05-2021,168.37,43.25,22.04,70.72,0.85,286.27,150.95,1000.15,0.05,25.22,0
12-05-2021,71.37,42.28,11.17,98.55,0.59,245.66,36.82,1000.4,-0.01,20.69,0.06
13-05-2021,53.12,32.21,4.28,85.18,0.34,233.49,129.75,998.64,0.03,26.84,0.03
14-05-2021,60.82,23.24,4.77,77.35,0.32,200.57,143.45,998.68,0.02,29.42,0.02
15-05-2021,168.49,19.26,5.44,83.38,0.39,168.66,115.6,999.95,-0.01,30.76,0.03
16-05-2021,31.69,16.93,5.74,82.99,0.46,160.78,159.84,1000.44,-0.02,30.88,0.03
17-05-2021,33.65,16,6.25,79.65,0.37,189.26,325.69,1000.43,-0.01,31.48,0.02
18-05-2021,39.57,16.04,5.97,80.14,0.39,198.85,419.18,999.87,0,31.31,0.02
19-05-2021,38.26,17.52,6.64,80.41,0.27,197.7,281.7,999.77,0.01,30.98,0.02
20-05-2021,39.47,14.39,6.11,78.01,0.42,174.17,131.42,1000,0,31.42,0.02
21-05-2021,35.83,15.91,5.1,74.22,0.4,186.48,283.3,999.85,0.01,31.6,0.01
22-05-2021,64.7,19.85,2.12,78.36,0.36,193.32,252.78,998.93,0.01,31.36,0.02
23-05-2021,58.97,24.96,3.27,72.03,0.42,274.9,159.62,998.97,0.04,32.47,0.01
24-05-2021,48.98,25.08,3.17,91.34,1.15,252.64,123.65,999.43,0.04,28.09,0.04
25-05-2021,34.14,23.26,5.21,97.55,0.99,237.29,89.7,998.01,-0.05,27.21,0.05
26-05-2021,36.45,14.44,5.31,97.96,3.6,144.05,101.29,994.88,-0.09,26.7,0.06
27-05-2021,48.55,15.08,5.02,98.02,2.19,136.68,66.34,997.82,-0.06,26.92,0.06
28-05-2021,53.94,15.62,5.39,89.98,2.22,128.21,167.03,1000.45,-0.07,29.62,0.04
29-05-2021,55.51,16.42,5.05,87.61,1.05,143.41,171.08,1000.29,-0.01,29.94,0.04
30-05-2021,52.84,16.56,4.97,90.56,1.04,133.37,170.19,1000.46,-0.02,30.24,0.04
31-05-2021,40.64,21.6,5.36,98.74,1.08,156.28,41.99,1000.3,0,26.71,0.06
01-06-2021,251.05,148.26,8.78,68.75,0.18,167.11,48.9,994.32,0.04,22.33,0
02-06-2021,220.15,136.14,20.96,54.59,0.53,197.33,53.6,997.61,0.05,21.29,0
03-06-2021,141.35,38.28,13.64,51.6,0.42,242.84,67.54,999.96,0.03,27.93,0
04-06-2021,79.13,26.32,6.05,69.15,0.44,191.9,102.89,1000.17,-0.01,28.66,0
05-06-2021,40.89,22.7,6.71,72.51,0.4,189.57,95.4,1000.2,0.02,28.02,0.01
06-06-2021,53.43,17.91,7.12,84.16,0.9,185.33,172.89,1000.34,0.01,30.77,0.03
07-06-2021,74.77,19.27,6.16,99.11,0.53,159.51,103.11,999.69,0.01,29.91,0.06
08-06-2021,51.72,33.36,11.34,93.81,0.5,180.8,138.95,996.76,0.04,29.15,0.05
09-06-2021,26.34,24.73,5.95,98.48,2.2,149,147.29,999.13,-0.03,28.63,0.06
10-06-2021,48.54,41.43,25.47,98.43,0.57,196.83,106.04,1000.41,0.04,28.68,0.06
11-06-2021,150.62,67.74,20.82,71.32,0.99,288.06,144.92,1000.24,0.06,24.53,0.01
12-06-2021,29.62,37.84,8.97,98.54,0.92,276.06,40.39,1000.46,0.01,21.17,0.06
13-06-2021,36.41,19.76,5.78,96.68,1.64,154.89,126.45,999.6,0.02,28.21,0.05
14-06-2021,35.52,18.28,7.07,98.87,1.42,135.92,121.95,999.09,0,28.08,0.06
15-06-2021,35.64,18.54,6.39,99,1.02,144.75,72.53,998.96,0.02,26.82,0.06
16-06-2021,44.99,20.76,4.96,99.01,0.92,223.45,54.41,999.39,0.04,25.62,0.06
17-06-2021,147.28,21.39,4.71,99.11,1.31,183.27,48.15,999.99,0.03,24.08,0.06
18-06-2021,36.55,19.06,5.52,99.05,1.31,132.33,121.64,1000.28,0,25.53,0.06
19-06-2021,40.63,24.97,9.02,99.22,0.7,177.17,35.23,999.66,0.04,24.63,0.06
20-06-2021,52.17,22.17,9.01,99.31,0.7,175.27,85.95,1000.04,0.04,26.2,0.06
21-06-2021,51.57,21.95,8.97,99.16,0.54,168.31,143.81,1000.08,0.03,27.51,0.06
22-06-2021,44.31,25.39,8.77,99.22,0.71,143.99,99.51,1000.27,0.03,26.46,0.06
23-06-2021,49.87,20.02,8.02,99,0.94,137.13,109.46,999.69,0.01,27.23,0.06
24-06-2021,58.11,18.49,6.34,93.24,0.9,135.95,170.83,999.69,0,29.09,0.05
25-06-2021,64.57,18.8,5.74,94.16,1.25,130.92,139.19,999.69,-0.01,29.5,0.05
26-06-2021,65.17,28.62,6.49,98.3,1.51,133.93,112.4,999.69,-0.02,29.14,0.06
27-06-2021,46.4,19.49,6.38,98.67,1.17,135.58,76.13,999.69,0.01,28.11,0.06
28-06-2021,49.15,18.56,5.79,98.78,0.67,143.45,173.34,999.69,0,29.2,0.06
29-06-2021,40.87,17.39,5.13,99.11,0.61,153.4,151.99,999.69,0,29.58,0.06
30-06-2021,53.69,17.89,7.08,99.23,0.69,148.33,117.66,999.69,0,29.34,0.06
01-07-2021,224.04,115.88,18.54,63.47,0.17,222.6,46.18,995.97,0.04,23.67,0
02-07-2021,118.74,78.43,12.64,58.75,0.62,231.09,60.9,999,0.05,20.2,0
03-07-2021,149.07,27.49,10.34,62.55,0.51,175.34,72.69,999.69,0.01,27.75,0
04-07-2021,89.77,26.1,4.47,76.51,0.84,154.89,99.65,1000.32,-0.06,28.54,0.02
05-07-2021,48.07,22.84,7.29,73.43,0.5,178.5,97.48,1000.23,0.02,28.24,0.01
06-07-2021,42.06,17.8,7.63,88.57,1.26,145.51,148.8,1000.35,-0.01,29.49,0.04
07-07-2021,64.73,24.92,2,99.3,0.6,181.66,96.3,999.69,0.03,28.38,0.06
08-07-2021,58.12,28.39,6.04,98.47,0.68,148.49,71.78,998.61,0.02,28.45,0.06
09-07-2021,26.66,30.24,8.29,98.55,1.71,144.43,96.27,1000.54,0.01,26.4,0.06
10-07-2021,55.44,42.37,5.5,96.98,0.48,189.32,114.9,999.93,0.04,28.83,0.05
11-07-2021,180.02,55.72,20.34,67.73,0.88,299.16,143.71,1000.27,0.05,24.69,0
12-07-2021,63.78,70.19,14.37,98.55,0.93,304.29,71.1,999.89,0.07,21.75,0.06
13-07-2021,29.58,21.29,5.62,98.14,1.45,145.49,138.67,999.4,0,28.52,0.06
14-07-2021,28.2,18.93,5.22,98.28,1.69,137.79,142.58,999.79,0,29.26,0.06
15-07-2021,26.01,17.66,7.7,85.23,0.9,125.43,153.14,999.87,0,31.25,0.03
16-07-2021,31.15,14.94,5.99,93.94,0.66,167.23,149.51,999.69,0.01,30.56,0.05
17-07-2021,31.17,16.73,7.52,97.48,0.66,149.23,147.5,999.72,0,30.19,0.05
18-07-2021,28.84,16.41,6.42,90.47,0.6,186.5,150.87,998.71,0.01,30.82,0.04
19-07-2021,34.52,21.11,5.54,98.03,0.63,166.16,146.09,997.11,0.02,29.92,0.06
20-07-2021,49.36,31.5,5.38,98.39,0.68,235.68,137.64,996.56,0.04,28.33,0.06
21-07-2021,49.17,27.85,7.07,98.13,1.06,176.47,142.55,994.24,0.02,29.25,0.06
22-07-2021,26.92,18.99,4.81,98.37,1.44,174.1,141.9,991.92,-0.03,29.13,0.06
23-07-2021,21.42,15.56,4.89,98.54,1.72,147.47,133.24,991.07,0,27.5,0.06
24-07-2021,23.35,16.94,5.83,98.46,1.24,148.14,130.58,995.1,0.03,27,0.06
25-07-2021,44.01,25.32,5.39,98.07,0.68,180.38,141.4,995.93,0.04,29.04,0.06
26-07-2021,63.14,24.42,4.51,98.37,1.01,264.41,143.48,994.19,0.04,29.43,0.06
27-07-2021,55.26,26.94,3.62,98.45,1.66,311.39,137.68,992,0.04,28.34,0.06
28-07-2021,39.41,25.27,4.63,98.49,2.03,316.42,23.04,990.31,0.04,27.08,0.06
29-07-2021,32.7,19.19,10.7,98.51,1.75,289.96,40.05,989.36,0.04,25.93,0.06
30-07-2021,27.83,19.64,12.3,98.43,0.94,125.67,114.77,993.98,-0.01,27.26,0.06
31-07-2021,42.23,21.79,11.22,97.77,0.64,131.31,113.57,996.86,0.02,28.29,0.05
01-08-2021,123.17,82.31,14.09,55.98,0.36,213.73,49.47,997.51,0.05,23.94,0
02-08-2021,170.99,109.26,14.8,52.86,0.57,262.99,65.47,998.42,0.05,20.05,0
03-08-2021,105.44,23.13,13.89,75.95,0.47,178.08,73.33,1000.18,0,27.22,0.01
04-08-2021,86.02,26.38,3.17,79.95,0.71,154.79,90.15,1000.35,-0.05,28.64,0.02
05-08-2021,57.39,24.79,6.99,70.28,0.42,206.91,99.97,1000.15,0.03,29.66,0
06-08-2021,38.62,17.2,9.08,89.1,1.69,144.86,188.65,1000.45,-0.01,29.58,0.04
07-08-2021,42.91,23.52,3.29,99.19,1.26,147.68,128.88,999.69,0.03,27.11,0.06
08-08-2021,40.69,22.58,6.5,98.34,0.79,164.81,122.08,1000,0.03,27.56,0.06
09-08-2021,27.5,27.32,8.53,98.41,1.15,136.9,148.75,1000.53,0.02,27.88,0.06
10-08-2021,84.06,54.41,8.38,95.75,0.5,237.03,122.74,999.3,0.05,29.06,0.05
11-08-2021,152.15,60.27,20.65,65.78,0.82,298.11,150.41,1000.28,0.05,24.82,0
12-08-2021,101.73,76.84,11.95,98.45,0.51,269.31,140.77,1000.02,0.04,22.69,0.06
13-08-2021,57.67,21.68,1.92,98.49,0.61,156.7,98.3,999.16,0.02,29.12,0.06
14-08-2021,57.98,24.83,4.53,98.45,0.56,161.07,119.87,997.92,0.02,29.14,0.06
15-08-2021,38.37,17.36,6.59,96.02,0.65,142.04,147.84,998.47,0.03,30.13,0.05
16-08-2021,32.16,18.78,4.38,98.42,1.17,146.49,121.37,999.76,0.03,29.17,0.06
17-08-2021,27.07,30.34,7.82,98.48,1.32,140.35,95.8,952.88,0.02,27.85,0.06
18-08-2021,28.74,22.32,5.12,98.53,1.17,135.37,124.89,999.17,-0.01,27.48,0.06
19-08-2021,30.3,24.49,8.28,98.55,1.2,128.18,104.66,999.43,-0.01,26.92,0.06
20-08-2021,31.2,25.92,5.87,98.47,1.28,135.31,82.77,1000.53,0.01,26.49,0.06
21-08-2021,35.14,23.92,9.14,96.52,1.06,133.13,138.19,1000.52,0.01,27.67,0.05
22-08-2021,35.28,19.05,7.14,90.07,0.52,154.57,204.88,1000.54,0,29.43,0.04
23-08-2021,40.89,20.53,7.43,98.14,0.47,180.5,187.96,999.5,0.01,30.12,0.06
24-08-2021,57.46,25.78,7.66,98.15,0.51,221.84,163.1,998.73,0.03,30.23,0.06
25-08-2021,70.3,32.4,4.63,98.3,0.58,197.31,147.14,997.8,0.02,29.82,0.06
26-08-2021,52.64,31.83,10.18,98.4,0.68,195.65,97.26,997.4,0.04,28.01,0.06
27-08-2021,49.52,37.76,5.19,94.68,0.54,221.07,111.71,998.67,0.04,26.07,0.05
28-08-2021,30.78,20.8,6.43,96.32,1.39,153.55,181.63,998.51,0.02,28.39,0.05
29-08-2021,25.94,21.17,4.32,98.5,1.46,143.07,143.31,998.73,0.02,28.36,0.06
30-08-2021,22.77,21.6,4.72,96.5,1.32,144.86,155.91,1000.52,0.02,27.48,0.05
31-08-2021,24.04,20.3,7.3,94.64,0.9,148.17,181.83,1000.5,0.03,27.61,0.05
01-09-2021,127.98,60.59,11,59.72,0.22,222.25,49.02,998.81,0.03,23.46,0
02-09-2021,207.06,193.63,14.44,52.4,0.29,194.69,65.22,996,0.04,20.42,0
03-09-2021,68.19,26.9,8.19,81.74,0.55,188.3,67.83,1000.18,0,26.75,0.02
04-09-2021,76.53,22.91,4.02,76.44,0.53,194.05,84.51,1000.27,-0.01,28.96,0.01
05-09-2021,36.8,19.74,6.11,86.03,0.45,231.14,100.79,1000.23,0.02,27.49,0.03
06-09-2021,54.78,19.27,8.12,92.27,0.77,180.89,130.53,1000.16,0.03,28.55,0.04
07-09-2021,58.03,22.25,3.45,97.33,1.12,139.02,151.82,999.69,0.02,29.36,0.05
08-09-2021,58.38,22.39,11.02,97.98,0.51,142.41,146.79,999.27,0.02,29.21,0.06
09-09-2021,34.13,32.22,8.41,98.4,0.81,168.13,196.61,999.35,0.03,28.71,0.06
10-09-2021,107.2,67.04,6.12,98.37,0.43,237.64,101.98,999.82,0.05,28.67,0.06
11-09-2021,176.61,69.09,31.62,75.13,0.74,283.48,147.29,1000.19,0.05,24.93,0.01
12-09-2021,128.03,60.54,10.49,98.11,0.48,244.89,88.46,1000.14,0.04,21.91,0.06
13-09-2021,22.97,26.91,7.69,98.51,2.1,143.27,76.55,995.72,-0.01,27.06,0.06
14-09-2021,22.65,27.03,4.49,98.52,1.81,141.06,39,998.73,0,25.3,0.06
15-09-2021,23.66,27.32,4.5,98.44,1.52,140.05,127.81,1000.48,0.01,26.64,0.06
16-09-2021,38.64,28.21,6.89,98.49,1.01,144.77,148.39,999.61,0.03,28.32,0.06
17-09-2021,41.54,29.44,7.22,98.13,0.78,147.35,138.61,999.52,0.03,26.99,0.06
18-09-2021,44.65,33.04,5.26,98.02,0.64,143.06,55.54,1000.5,0.04,26.6,0.06
19-09-2021,59.47,41.12,6.89,98.45,0.37,220.47,119.37,1000.42,0.04,26.15,0.06
20-09-2021,29.72,26.97,8.38,98.54,1.31,209.1,35.14,999.84,0.02,24.77,0.06
21-09-2021,26.29,24.23,7.88,97.56,1.61,145.88,98.55,999.13,0.02,24.7,0.05
22-09-2021,37.3,32.93,6.92,98.35,1.32,150.77,83.37,999.66,0.03,26.15,0.06
23-09-2021,41.52,43.29,6.89,98.49,0.7,169.21,104.55,1000.24,0.04,26.2,0.06
24-09-2021,62.5,66.58,6.31,77.43,0.42,205.82,172.09,1000.09,0.05,27.62,0.02
25-09-2021,84.18,54.85,6.54,77.43,0.7,219.74,95.03,999.68,0.05,24.99,0.02
26-09-2021,40.15,30.6,6.16,77.43,0.77,178,100.1,999.56,0.03,25.16,0.02
27-09-2021,32.12,31.25,7.13,98.39,0.82,173.48,159.21,999.89,0.02,28.59,0.06
28-09-2021,29.81,29.24,6.39,97.17,1.76,185.73,66.98,999.72,-0.04,25.47,0.05
29-09-2021,21.16,27.72,7.91,98.29,1.91,138.35,40.58,1000.45,0,25.27,0.06
30-09-2021,30.11,37.62,6.13,98.53,0.96,151.23,117.92,1000.29,0.03,27.86,0.06
01-10-2021,249.15,55.4,10.62,66.1,0.35,257.48,51.06,999.16,0.04,24.04,0
02-10-2021,270.33,189.72,13.94,56.28,0.23,186.46,59.55,995.74,0.04,21.16,0
03-10-2021,50.86,28.91,7.97,84.42,0.57,176.5,60.27,1000.01,0,26.51,0.03
04-10-2021,103.83,22.36,4.58,77.89,0.35,200.64,84.21,1000.15,0.02,29.32,0.02
05-10-2021,43.79,23.55,4.95,83.36,0.59,196.32,136.21,1000.24,0,27.75,0.03
06-10-2021,43.99,18.82,7.61,93.52,1,160.44,136.18,999.53,0.03,28.95,0.05
07-10-2021,58.49,21.65,4.62,98.07,1.26,148.38,133.34,999.69,0.03,29.41,0.06
08-10-2021,52.93,21.9,6.19,98.37,0.56,165.57,160.61,998.41,0.01,29.96,0.06
09-10-2021,66.84,49.7,8.17,94.76,0.89,228.2,182.99,998.06,0.04,29.51,0.05
10-10-2021,96.76,61.32,6.84,98.25,0.47,238.44,142.28,999.93,0.04,29.28,0.06
11-10-2021,166.26,89.91,22.03,78.44,0.49,259.92,165.62,1000.11,0.05,25.26,0.02
12-10-2021,131.5,120.16,15.01,87.99,0.54,245.92,104.83,999.98,0.04,22.06,0.04
13-10-2021,128.16,39.45,6.33,98.49,0.71,271.73,99.87,999.2,0.06,29.67,0.06
14-10-2021,65.03,43.69,4.85,95.14,0.66,264.43,140.05,999.34,0.05,29.29,0.05
15-10-2021,61.18,36.8,6.98,91.21,0.79,271.83,156.45,998.66,0.04,29.73,0.04
16-10-2021,39.06,28.59,6.85,98.39,0.88,187.8,139.96,998.51,0.03,28.71,0.06
17-10-2021,27.7,24.7,11.52,98.55,1.4,177.48,76.06,999.57,0.01,26.75,0.06
18-10-2021,21.52,23.28,10.18,98.55,1.99,137.86,48.23,999.88,0,25.35,0.06
19-10-2021,24.16,26.04,10.34,98.56,1.5,128.75,45.5,1000.52,0,25.09,0.06
20-10-2021,50.56,35.55,12.29,98.56,0.69,192.7,77.1,1000.35,0.03,26.83,0.06
21-10-2021,91.33,59.38,10.11,87.29,0.7,276.85,153.72,1000.06,0.05,27.5,0.04
22-10-2021,102.59,52.88,12.62,83.06,0.5,234.26,147,1000.25,0.04,28.08,0.03
23-10-2021,162.98,67.81,13.41,84.07,0.36,199.08,121.32,1000.05,0.05,27.55,0.03
24-10-2021,130.66,51.27,8.06,92.26,0.39,209.14,98.47,1000.26,0.04,26.99,0.04
25-10-2021,137.57,70.79,10.67,90.99,0.37,218.93,113.52,1000.1,0.04,26.94,0.04
26-10-2021,126.08,60.49,7.84,86.88,0.35,245.29,133.82,1000.2,0.04,27.77,0.03
27-10-2021,103.85,33.76,8.34,98.23,0.92,225.29,123.71,1000.29,0.04,27.66,0.06
28-10-2021,98.42,47.74,7.04,98.46,0.64,253.7,89.02,1000.17,0.03,26.88,0.06
29-10-2021,121.07,43.4,12.71,81.57,1.18,319.38,146.88,1000.17,0.06,27.92,0.02
30-10-2021,121.64,47.85,20.4,67.17,1.23,320.99,145.08,1000.28,0.06,27.36,0
31-10-2021,138.63,52,25.96,63.41,0.7,295.1,142.05,1000.21,0.04,26.58,0
01-11-2021,145.61,57.65,14.54,71.8,0.39,210.56,47.05,998.15,0.05,23.82,0.01
02-11-2021,164.17,89.96,13.4,65.88,0.28,225.88,64.16,998.34,0.04,21.9,0
03-11-2021,66.56,27.85,7.28,85.21,0.48,197.39,65.43,999.99,0.03,27.01,0.03
04-11-2021,73.8,22.84,7.88,64.4,0.36,205.99,98.71,1000.22,0,29.85,0
05-11-2021,40.21,21.72,4.5,92.47,0.74,167.22,144.48,999.7,-0.02,26.37,0.04
06-11-2021,57,23.84,4.16,91.65,0.93,217.72,116.94,999.14,0.02,28.48,0.04
07-11-2021,30.71,18.84,3.79,97.97,1.89,142.26,13.44,999.69,0,29.74,0.06
08-11-2021,59.25,21.49,5.41,98.34,0.77,132.34,149.29,998.37,0,30.68,0.06
09-11-2021,31.73,29.97,8.9,98.54,1.46,154.58,99.85,998.66,0.01,27.85,0.06
10-11-2021,139.96,54.7,6.47,87.72,0.88,309.71,168.87,999.33,0.06,30.46,0.04
11-11-2021,143.59,69.52,18.83,81.25,0.44,253.62,142.42,1000.17,0.04,25.99,0.02
12-11-2021,203.85,147.07,21.74,87.27,0.43,255.11,132.81,999.78,0.05,22.54,0.04
13-11-2021,129.14,41.55,12.06,97.94,0.68,211.58,79.87,1000.37,0,24.59,0.06
14-11-2021,83.08,33,9.37,98.45,0.78,229.41,83.37,1000.45,0,23.18,0.06
15-11-2021,76.62,46.75,12.08,98.55,0.64,275.65,74.27,1000.41,0.02,21.93,0.06
16-11-2021,133.53,78.75,14.72,85.18,0.58,271.49,157.8,1000.21,0.03,24.16,0.03
17-11-2021,168.2,82.47,20.61,77.75,0.65,275.66,147.58,1000.13,0.05,23.78,0.02
18-11-2021,151.05,80.49,23.77,72.73,0.68,276.87,148.9,1000.1,0.05,24.14,0.01
19-11-2021,167.17,92.07,19.59,74.7,0.47,243.27,135.41,999.96,0.04,24.56,0.01
20-11-2021,188.64,59.77,23.15,80.52,0.4,216.03,147.04,1000.09,0.04,25.57,0.02
21-11-2021,212.03,73.14,22.07,85.89,0.39,239.59,136.5,1000.2,0.04,25.65,0.03
22-11-2021,223.73,87.68,16.02,83.47,0.3,203.75,141.39,1000.11,0.04,26.12,0.03
23-11-2021,185.95,59.67,19.84,76.76,0.62,286.65,129.22,1000.16,0.05,26.65,0.02
24-11-2021,179.47,60.09,19.97,55.84,0.61,286.3,135.52,1000.23,0.03,25.5,0
25-11-2021,203.28,66.2,19.78,66.88,0.49,228.17,123.05,1000.09,0.03,24.56,0
26-11-2021,181.72,71.35,20.15,68.86,0.49,239.85,121.99,1000.17,0.03,23.94,0
27-11-2021,197.07,94.55,22.9,74.96,0.84,284.05,158.76,1000.08,0.05,23.19,0.01
28-11-2021,131.45,103.36,19.6,80.61,0.83,275.05,155.03,1000.28,0.05,22.77,0.02
29-11-2021,172.34,102.57,25.65,75.83,0.82,295.02,151.57,1000.06,0.05,22.99,0.01
30-11-2021,198.93,94.6,25.14,76.84,1.07,307.03,142.05,1000.15,0.06,23.03,0.02
01-12-2021,132.55,46.1,8.94,66.08,0.39,216.94,50.67,999.01,0.03,22.01,0
02-12-2021,138.04,89.46,12,62.11,0.32,237.65,60.89,998.29,0.05,22.93,0
03-12-2021,76.47,40.71,7.34,80.73,0.36,224.04,68.11,999.64,0.04,26.95,0.02
04-12-2021,77.42,25.89,7.69,68.02,0.37,224.24,96.94,1000.22,0.02,30.25,0
05-12-2021,41,28.37,5.46,87.56,0.45,215,226.83,999.9,0.02,26.33,0.04
06-12-2021,34.77,20.59,5.45,96.38,1.07,170.59,134.88,999.85,0.02,27.8,0.05
07-12-2021,25.06,20.48,5.28,96.78,1.42,146.67,431.43,989.4,0.01,29.12,0.05
08-12-2021,57.38,25.25,4.61,98.37,0.73,162.28,71.39,999.52,0.02,28.96,0.06
09-12-2021,30.18,23.91,8.57,98.45,2.1,179,171.37,995.37,-0.03,28.65,0.06
10-12-2021,139.89,44.59,6.64,88.43,1.01,311.15,166.03,999.18,0.06,30.37,0.04
11-12-2021,129.78,59.76,16.57,86.16,0.49,228.07,109.83,1000.25,0.01,26.36,0.03
12-12-2021,197.92,56.32,22.93,80.82,0.9,311.05,142.27,1000.21,0.05,21.18,0.02
13-12-2021,205.8,106.2,28.8,76.9,0.72,272.02,152.94,1000.11,0.06,20.06,0.02
14-12-2021,225.44,111.84,31.67,79.7,0.72,288.06,140.84,999.97,0.05,20.02,0.02
15-12-2021,223.72,67.34,25.14,76.9,0.66,266.48,144.04,1000.08,0.05,19.44,0.02
16-12-2021,259.38,57.26,33.65,80.73,0.78,292.64,147.57,1000.05,0.05,19.64,0.02
17-12-2021,199.78,83.26,31.71,71.05,0.8,268.48,160.44,1000.13,0.05,19.66,0
18-12-2021,250.06,120.05,25.82,81.38,0.7,256.31,130.87,999.8,0.05,19.51,0.02
19-12-2021,177.05,41.61,17.45,63.09,1.63,320.86,141.88,1000.22,0.06,18.59,0
20-12-2021,170.9,40.11,24.16,46.16,1.26,315.94,178.8,1000.24,0.06,17.16,0
21-12-2021,215.31,48.15,25.33,73.27,1.09,295.61,139.2,1000.2,0.05,17.35,0.01
22-12-2021,219.54,62.94,25.08,79.93,1.01,295.47,148.36,1000.04,0.05,18.57,0.02
23-12-2021,259.01,68.41,27.56,82,0.79,283.88,158.62,999.84,0.05,18.61,0.03
24-12-2021,281.58,112.05,22.02,82.79,0.34,239.58,143.97,999.83,0.05,19.01,0.03
25-12-2021,214.28,84.27,15.52,83.1,0.37,180.55,143.63,999.85,0.04,19.77,0.03
26-12-2021,221.29,96.09,13.52,84.97,0.32,158.43,134.5,999.98,0.05,20.62,0.03
27-12-2021,206.63,76.15,13.83,88.62,0.29,183.43,105.15,999.79,0.04,20.91,0.04
28-12-2021,182.44,50.93,15.01,86.57,0.61,168.93,107.64,1000.01,0.04,21.06,0.03
29-12-2021,207.12,52.56,18.95,85.15,0.66,255.7,120.07,1000.07,0.04,20.89,0.03
30-12-2021,207.19,58.85,23.04,98.33,0.7,294.55,107.61,999.96,0.05,19.26,0.06
31-12-2021,151.79,60.94,22.46,88.76,0.98,292.09,164.57,1000.09,0.05,19.51,0.04
01-01-2022,180.47,45.76,29.12,82.61,1.29,317.82,181.79,1000.05,0.06,19.2,0.03
02-01-2022,123.57,72.58,21.35,78.47,0.73,228.98,161.26,1000.33,0.04,20.93,0.02
03-01-2022,163.31,43.43,13.27,58.52,0.84,188.1,170.92,1000.23,0.01,25.79,0
04-01-2022,59.06,19.66,1.29,96.15,0.96,142.82,140.21,1000.53,-0.03,29.27,0.05
05-01-2022,71.37,47.07,9.56,79.02,1.13,206.66,219.44,998.97,0.01,28.94,0.02
06-01-2022,87.89,43.84,5.34,98.48,1.23,173.74,130.45,996.88,0.01,29.86,0.06
07-01-2022,52.27,31.36,7.55,77.43,0.93,175.58,105.88,996.06,0.02,29.04,0.02
08-01-2022,62.53,8.57,9.15,0.07,0.67,210.59,199.46,998.57,0.02,30.12,0
09-01-2022,26.92,39.58,6.83,77.43,0.55,173.49,149.5,1003.38,0,30.6,0.02
10-01-2022,88.15,26.21,5.45,94.35,0.85,263.24,138.18,999.54,0.04,29.32,0.14
11-01-2022,126.95,52.28,22.4,74.58,0.8,316.8,142.72,1008.91,0.06,27.52,0
12-01-2022,198.14,69.64,22.21,59.54,0.85,314.64,145.77,1009.31,0.07,24.61,0
13-01-2022,116.23,55.73,19.88,93.8,0.96,315.13,150.81,1000.22,0.05,20.37,0.05
14-01-2022,109.74,42.84,12.64,98.24,0.75,263.86,120.21,1000.28,0.03,19.01,0.06
15-01-2022,121.54,57.7,16.83,83.14,1.04,308.83,156.79,1000.3,0.06,19.28,0.03
16-01-2022,141.02,45.99,22.52,71.38,1.58,324.19,184.09,1000.42,0.06,18.83,0.01
17-01-2022,160.87,58.72,20.39,79.82,1.4,318.85,176.64,1000.34,0.06,18.02,0.02
18-01-2022,189.57,77.09,17.77,83.13,1.06,289.2,180.63,1000.26,0.05,17.69,0.03
19-01-2022,206.7,79.36,17.22,83.31,0.91,290.1,174.79,1000.1,0.05,17.74,0.03
20-01-2022,210.93,116.47,27.3,81.45,0.7,281.29,167.45,1000.06,0.05,17.66,0.02
21-01-2022,239.36,107.97,20.32,89.76,0.53,189.13,148.98,999.92,0.03,19.44,0.04
22-01-2022,148.49,44.13,12.75,98.53,1.17,157.67,111.12,1000.27,0.02,20.22,0.06
23-01-2022,192.04,48.87,12.58,98.47,0.8,207.1,76.86,1000.29,0.01,19.08,0.06
24-01-2022,141.34,71.63,11.95,98.54,0.57,204.58,97.97,1000.33,0.01,18.19,0.06
25-01-2022,156.67,76.32,10.91,94.5,0.37,236.64,156.29,1000.18,0.04,20.35,0.05
26-01-2022,164.21,59.04,14.72,93.05,1.07,296.95,148.83,1000.26,0.05,20.75,0.05
27-01-2022,155.24,78.13,15.55,75.32,1.24,299.77,170.76,1000.35,0.06,19.3,0.01
28-01-2022,168.13,75.66,14.57,63.81,1.1,290.85,173.68,1000.22,0.05,17.13,0
29-01-2022,189.03,83.13,17.91,71.27,1.16,282.93,192.77,1000.27,0.05,16.9,0.01
30-01-2022,213.03,170,12.4,69.68,0.6,234.78,196.96,1000.04,0.04,17.58,0
31-01-2022,148.14,64.28,23.46,82.13,0.52,161.19,185.7,1000.35,0.03,19.53,0.03
01-02-2022,163.69,39.88,23.54,91.49,1.37,317.28,174.62,1000.11,0.06,17.92,0.04
02-02-2022,144.06,69.19,18.17,74.58,0.43,206.73,146.06,1000.34,0.04,22,0.01
03-02-2022,171.95,43.43,14.79,56.72,0.66,237.34,166.51,1000.24,0.04,26.16,0
04-02-2022,45.31,19.91,1.31,96.56,1.08,140.18,123.07,1000.53,-0.03,29.06,0.05
05-02-2022,45.69,39.65,6.68,93.21,1.57,150.71,210.47,999.37,-0.01,28.12,0.05
06-02-2022,74.48,28.03,7,97.8,1,135.15,139.95,997.04,-0.01,30.25,0.05
07-02-2022,44.03,26.11,6.68,77.43,0.85,170.37,162.9,994.9,0.03,28.36,0.02
08-02-2022,56.37,8.06,8.85,77.43,0.44,191.24,169.26,998.39,0.04,28.94,0.02
09-02-2022,29.47,34.41,4.04,74.59,0.5,166.25,202.35,1003.63,0,30.87,0
10-02-2022,55.29,31.12,10.26,99.45,0.82,240.99,91.87,999.19,0.04,27.42,0.05
11-02-2022,113.33,48.21,19.58,63.57,1.01,327.13,141.17,1007.8,0.06,27.4,0
12-02-2022,216.87,136.01,22.83,56.15,0.76,287.84,80.45,1008.63,0.06,23.25,0
13-02-2022,151.02,70.45,19.29,53.71,1.11,299.37,228.07,1000.35,0.05,20.11,0
14-02-2022,156.34,103.69,21.21,59.31,0.96,277.31,219.94,1000.16,0.05,20.28,0
15-02-2022,186.59,163.44,18.2,65.37,0.75,264.81,215.74,999.9,0.05,20.19,0
16-02-2022,209.46,149.62,25.17,64.38,0.73,280.21,204.9,999.98,0.04,20.82,0
17-02-2022,209.97,118.42,24.94,67.49,0.83,287.04,174.89,1000.12,0.05,22,0
18-02-2022,191.76,154.73,16.51,65.68,0.6,248.6,175.12,999.99,0.04,21.79,0
19-02-2022,197.23,276.76,18.22,58.61,0.56,228.87,199.61,999.85,0.04,22.03,0
20-02-2022,132.33,43.43,18.62,95.74,0.54,209.51,95.84,1000.36,0.03,22.16,0.05
21-02-2022,116.54,43.43,15.28,65.21,0.67,212.14,182.43,1000.36,0.03,23.03,0
22-02-2022,134.25,43.43,19.95,84.71,0.72,197.33,139.54,1000.39,0.02,23.52,0.03
23-02-2022,147.72,43.43,22.91,84.08,0.54,246.36,175.85,1000.22,0.03,23.49,0.03
24-02-2022,98.9,43.43,14.51,89.95,0.76,156.75,172.78,1000.44,0.01,24.18,0.04
25-02-2022,133.95,43.43,19.36,96.08,0.76,235.36,126.25,1000.1,0.03,22.23,0.05
26-02-2022,225.93,43.43,21.49,74.28,0.41,233.82,202.71,999.52,0.04,24.93,0.01
27-02-2022,156.1,43.43,15.9,82.97,0.83,221.15,186.37,1000.09,0.03,24.73,0.03
28-02-2022,116.55,43.43,23.25,72.7,0.98,243.84,197.82,1000.26,0.04,25.48,0.01
01-03-2022,179.73,59.56,19.97,82.18,0.82,279.94,179.83,1000.21,0.05,18.11,0.03
02-03-2022,87.31,30.71,20.76,89.67,0.91,147.66,132.82,1000.48,0.01,22.99,0.04
03-03-2022,197.54,43.43,14.63,68.5,0.64,246.25,168.8,1000.01,0.03,25.97,0
04-03-2022,45.35,19.46,2.25,94.7,1.14,140.34,144.23,1000.54,-0.03,29.23,0.05
05-03-2022,47.17,34.72,8.36,97.05,1.86,154.78,151.98,1000.51,-0.02,27.09,0.05
06-03-2022,73.34,33.32,7.95,98.49,1.11,154.09,142.32,996.86,-0.01,29.62,0.06
07-03-2022,31.31,24.9,7.67,77.43,1.34,150.32,145.74,995.5,0.01,27.98,0.02
08-03-2022,47.05,8.3,7.96,77.43,0.53,177.68,117.24,998.85,0.04,28.62,0.02
09-03-2022,33.93,33.17,8.36,85.4,0.56,174.63,148.91,1001.24,0,29.07,0.09
10-03-2022,39.75,29.48,11.23,99.44,1.29,179.22,101.3,1000.96,0.02,27.43,0.16
11-03-2022,135.74,63.27,12.9,65.49,0.67,289.03,119.56,1008.09,0.05,25.35,0
12-03-2022,236.62,92.62,30.02,53.66,0.73,293.07,164.75,1009.47,0.06,22.27,0
13-03-2022,179.98,43.43,24.53,48.38,1.09,293.89,209.33,1000.13,0.04,27.73,0
14-03-2022,201.45,43.43,23.02,50.63,1.03,286.69,212.09,1000.2,0.04,27.93,0
15-03-2022,169.51,43.43,35.64,43.39,0.73,275.39,208.04,1000.14,0.04,29.51,0
16-03-2022,115.02,43.43,28.85,51.85,0.81,177.25,209.87,999.94,0,30.01,0
17-03-2022,93.02,43.43,6.43,72.3,0.98,146.01,197.82,1000.49,0.01,29.11,0.01
18-03-2022,81.69,43.43,27.87,68.89,0.68,190.61,203.41,1000.5,0.02,28.9,0
19-03-2022,80.97,43.43,12.25,57.05,0.63,185.82,202.22,999.85,0.02,29.2,0
20-03-2022,76.36,43.43,18.01,78.08,0.75,152.85,197.25,999.73,0,28.53,0.02
21-03-2022,70.87,43.43,8.63,81.15,0.85,175.64,182.6,1000.51,0.01,29.07,0.02
22-03-2022,76.89,22.37,6.4,83.97,0.83,185.38,164.49,1000.52,0.01,29.24,0.03
23-03-2022,91.94,23.4,10.33,87.4,0.71,189.82,129.6,999.92,0.01,29.06,0.04
24-03-2022,86.44,22.47,6.91,89.46,0.65,181.15,167.52,1000.52,-0.01,28.78,0.04
25-03-2022,72.09,22.6,16.69,94.76,0.83,152.85,131.51,1000.52,-0.01,28.65,0.05
26-03-2022,68.21,21.35,8.08,98.3,0.8,156.58,113.9,1000.52,-0.01,28.86,0.06
27-03-2022,81.39,21.2,7.12,85.71,1.09,152.71,145.95,1000.52,0.01,29.68,0.03
28-03-2022,88.34,21.04,6.96,82.24,0.71,173.85,176.21,1000.52,-0.01,30.15,0.03
29-03-2022,83.43,20.03,11.98,87.52,0.93,146.55,181.34,999.81,-0.02,29.94,0.04
30-03-2022,68.59,19.72,2.08,92.6,1.27,137.21,154.89,1000.53,-0.03,29.25,0.05
31-03-2022,65.04,19.53,1.4,93.99,1.04,140.37,161.93,1000.53,-0.03,29.33,0.05
01-04-2022,221.43,47.75,15.83,78.72,0.84,301.16,196.7,1000.08,0.05,18.03,0.02
02-04-2022,54.17,31.44,6.98,98.54,1.48,174.59,92.9,1000.3,0.01,19.22,0.06
03-04-2022,207.2,43.43,14.14,60.13,0.57,259.02,178.08,1000.1,0.04,26.38,0
04-04-2022,48.9,18.33,2.13,96.81,0.96,145.99,145.06,1000.53,-0.04,29,0.05
05-04-2022,63.54,39.72,7.93,93.24,1.62,157.91,192.95,1000.51,0,28.64,0.05
06-04-2022,81.61,26.12,5.09,97.3,0.99,138.17,194.84,997.81,-0.03,30.96,0.05
07-04-2022,34.75,24.98,7.3,77.43,1.38,148.38,202.8,995.34,0.01,30.01,0.02
08-04-2022,36.77,7.77,8.47,77.43,1.27,196.2,191.21,998.93,0.02,28.98,0.02
09-04-2022,58.62,35.99,10.2,76.44,0.57,195.13,118.98,1000.67,0.02,29.55,0.01
10-04-2022,30.39,25.83,11.16,99.45,1.94,153.64,128.07,1004.03,0.01,28.14,0.06
11-04-2022,168.26,64.01,17.28,79.68,0.54,262.44,126.86,1009.33,0.05,25.3,0
12-04-2022,217.98,104.6,21.85,59.57,0.78,297.94,186.1,1009.92,0.06,21.72,0
13-04-2022,42.87,16.65,4.87,97.2,1.21,136.11,202.15,999.33,-0.05,29.71,0.05
14-04-2022,39.94,14.92,1.16,97.52,1.08,144.85,182.54,998.26,-0.03,30.46,0.05
15-04-2022,71.84,14.57,5.38,88.7,1,133.76,196.87,998.41,-0.03,31.1,0.04
16-04-2022,49.47,14.12,9.74,93.91,1.19,133.73,192.48,998.47,-0.03,30.43,0.05
17-04-2022,44.24,13.93,9.27,88.15,1.23,135.38,185.72,999.07,-0.04,30.24,0.04
18-04-2022,45.94,13.46,9.51,93.6,1.42,133.02,196.42,999.92,-0.04,30.44,0.05
19-04-2022,53.45,12.17,4.07,94.43,1.74,132.21,175.3,1000.54,-0.06,30.04,0.05
20-04-2022,53.83,15.01,3.56,95.73,1.4,136.34,165.86,1000.52,-0.05,30.29,0.05
21-04-2022,49.35,13.84,7.15,92.2,1.34,134.07,177.93,1000.53,-0.05,30.12,0.04
22-04-2022,56.63,15.25,5.89,87.9,1.14,154.87,151.86,1000.39,-0.02,30.34,0.04
23-04-2022,76.02,15.65,7.26,79.72,0.83,163.2,198.26,1000.45,-0.02,31.94,0.02
24-04-2022,75.91,15.47,7.18,79.83,0.79,160.1,199.05,998.72,-0.02,32.62,0.02
25-04-2022,74.49,13.03,7.67,84.2,0.95,146.87,205.75,999.34,-0.03,32.26,0.03
26-04-2022,71.58,11.26,3.84,93.14,0.91,149.47,214.28,999.76,-0.04,31.57,0.05
27-04-2022,76.62,18.98,14.65,91.68,1.04,136.73,198.33,999.44,-0.03,31.39,0.04
28-04-2022,69.81,25.8,6.18,93.77,1,131.79,184.76,999.88,-0.03,31.32,0.05
29-04-2022,83,28.38,3.33,89.45,1.29,139.56,177.97,998.94,-0.04,31.15,0.04
30-04-2022,93.54,34.96,4.11,88.18,2.14,157.91,164.08,999.21,-0.03,29.33,0.04
01-05-2022,242.23,63.31,21.18,81.88,0.86,283.08,189.53,1000.02,0.05,18.05,0.03
02-05-2022,93.24,87.17,10.92,78.68,1.02,282.69,231.93,1000.33,0.04,19.12,0.02
03-05-2022,175.96,43.43,25.11,64.23,1.03,278.8,175.05,1000.18,0.04,26.99,0
04-05-2022,42.35,17.22,3.92,94.33,0.94,141.62,163.05,1000.44,-0.03,28.76,0.05
05-05-2022,65.12,41.03,8.4,89.77,0.97,215.96,213.94,999.56,0.02,29.12,0.04
06-05-2022,71.78,22.34,7.38,96.12,1.15,129.51,219.84,998.16,-0.04,31.36,0.05
07-05-2022,31.19,30.8,6.24,0.07,1.89,159.45,170.55,995.43,-0.01,29.14,0
08-05-2022,28.2,8.58,8.11,77.43,1.11,163.76,168.48,997.85,0.02,29.26,0.02
09-05-2022,61.26,38.99,7.91,74.59,0.61,167.24,148.88,1000.91,0.01,30.59,0
10-05-2022,29.63,24.35,12,99.44,1.58,154.14,130.29,1005.68,0.02,27.99,0.04
11-05-2022,177.74,103.69,17.91,78.26,0.5,265.34,135.1,1010.77,0.05,25.57,0
12-05-2022,218.09,70.37,22.24,64.04,0.86,307.38,207.98,1010.48,0.06,21.9,0
13-05-2022,70.13,23.95,4.98,98.05,1.04,136.85,194.59,997.34,-0.05,29.83,0.06
14-05-2022,51.44,23.75,6.09,98.3,0.93,150.76,235.01,997.43,-0.04,29.73,0.06
15-05-2022,43.71,22.74,6.83,98.34,1.07,141.58,203.06,998.86,-0.05,30.27,0.06
16-05-2022,47.5,24.06,9.51,97.29,1.23,131.62,224.57,998.58,-0.04,30.69,0.05
17-05-2022,42.72,24.95,6.99,94.54,0.86,134.44,214.05,998.59,-0.04,30.91,0.05
18-05-2022,37.1,23.76,7.27,96.75,0.87,145.72,215.15,998.89,-0.03,30.99,0.05
19-05-2022,42.81,30.09,8.9,98.55,0.78,140.86,114.82,998.82,-0.02,29.84,0.06
20-05-2022,40.92,29.83,5.42,93.98,1.11,143.44,232.42,997.86,-0.03,31.1,0.05
21-05-2022,48.19,34.6,8.16,95.79,1.32,163.47,203.04,995.27,-0.03,29.44,0.05
22-05-2022,65.58,50.06,11.72,93.68,0.62,199.32,113.04,994.63,0.04,28.2,0.05
23-05-2022,64.42,43.36,7.57,90.37,1.06,163.79,222.43,995.79,0.02,29.94,0.04
24-05-2022,65.48,44.46,5.5,91.48,0.71,167.02,194.74,998.68,0.02,29.99,0.04
25-05-2022,73.18,39.59,7.94,84.07,0.71,187.01,215.05,998.56,0.03,30.72,0.03
26-05-2022,108.62,50.49,7.1,88.83,0.53,199.19,205.62,998.45,0.03,30.02,0.04
27-05-2022,133.87,62.5,15.17,78.18,0.77,210.35,209.76,996.62,0.03,31.59,0.02
28-05-2022,110.45,36.48,9.6,76.04,0.88,187.9,227.09,995.98,0.01,32.48,0.01
29-05-2022,74.23,34.65,5.32,95.92,1.39,151.28,165.49,996.77,0.01,29.59,0.05
30-05-2022,78.17,35.05,5.82,90.16,1,143.8,212.06,997.02,0.02,30.67,0.04
31-05-2022,72.55,33.28,3.4,97.96,1.57,148.91,176.71,996.46,0,30.49,0.06
01-06-2022,255.43,53.22,11.03,83.15,0.5,234.95,168.92,999.8,0.04,18.88,0.03
02-06-2022,134.06,62.65,15.22,64.35,0.86,286.75,200.76,1000.39,0.05,18.79,0
03-06-2022,157.16,43.43,19.2,47,0.79,265.45,176.04,1000.34,0.02,27.28,0
04-06-2022,47.08,17.25,4.73,92.61,0.87,140.17,167.72,1000.53,-0.02,28.6,0.05
05-06-2022,78.02,51.45,11.28,77.79,1.06,179.91,261.79,999.64,0.01,30.11,0.02
06-06-2022,72.07,21.66,6.86,95.59,1.17,131.25,209.73,997.55,-0.04,31.27,0.05
07-06-2022,28.87,26.59,7.04,0.04,2.08,152.48,129.98,998.07,-0.01,28.56,0
08-06-2022,23.48,8.88,7.54,77.43,1.5,171.71,173.26,995.66,0,28.6,0.02
09-06-2022,76.8,46.69,6.14,86.45,0.58,215.8,110.79,1002.16,0.04,28.86,0.09
10-06-2022,23.61,23.48,9.24,99.4,0.92,157.2,111.96,1006.68,0.02,27.51,0.01
11-06-2022,145.88,82.37,18.21,78.17,0.4,266.29,127.48,1010.9,0.04,25.47,0
12-06-2022,199.59,29.43,23.79,66.09,0.95,317.21,163,1009.45,0.07,21.95,0
13-06-2022,57.91,39.17,13.03,89.09,1.4,131.1,183.52,998.72,-0.05,31.31,0.04
14-06-2022,47.45,47.42,9.02,36.61,1.17,146.17,201.51,998.37,-0.03,30.76,0
15-06-2022,38.44,33.13,5.82,53.16,0.42,181.7,78.68,998.73,0.01,29.27,0
16-06-2022,48.17,25.72,5.73,96.06,0.79,137.44,117.87,999.16,-0.01,30.28,0.05
17-06-2022,41.21,33.11,5.11,45.24,0.58,175.98,126.62,999.54,0,29.01,0
18-06-2022,37.77,41.11,5.07,77.43,0.41,192.61,69.51,999.39,0.02,27.76,0.02
19-06-2022,31.9,40.96,6.73,77.43,0.55,214.45,139.83,998.97,0.04,28.2,0.02
20-06-2022,33.85,76.02,6.26,77.43,0.53,167.95,116.1,997.31,0.01,28.56,0.02
21-06-2022,45.93,48.29,13.04,77.43,0.66,171.06,179.3,996.44,0.01,29.5,0.02
22-06-2022,37.89,40.72,9.15,77.43,0.9,166.01,123.67,998.58,0.01,28.85,0.02
23-06-2022,34.33,28.66,8.11,77.43,1.12,144.97,184.55,998.96,-0.02,28.97,0.02
24-06-2022,41,31.25,7.17,77.43,1.3,150.69,111.37,998.58,0.01,27.93,0.02
25-06-2022,41.61,29.91,7.1,77.43,1.15,156.67,120.55,997.52,0.02,27.68,0.02
26-06-2022,29.95,28.97,6.74,77.43,1,159.79,132.77,998.95,0.02,27.98,0.02
27-06-2022,31.71,24,6.95,77.43,0.98,141.7,209.15,998.81,-0.02,30.09,0.02
28-06-2022,36.37,21.1,7.7,77.43,0.98,140.83,221.94,998.8,-0.03,30.44,0.02
29-06-2022,35.76,22.03,6.78,77.43,1.22,141.79,172.27,997.41,-0.02,30.17,0.02
30-06-2022,42.45,26.17,5.98,77.43,0.9,163.66,103.3,996.85,0,29.01,0.02
01-07-2022,218.23,43.43,23.31,81.46,0.57,263.38,147.12,999.98,0.05,20.01,0.02
02-07-2022,122.36,62.08,12.63,75.61,0.76,229.41,194.41,1000.31,0.04,19.35,0.01
03-07-2022,185.22,43.43,24.93,49.31,1.13,307.81,184.57,1000.21,0.04,26.5,0
04-07-2022,50.41,18.21,3.05,91.97,1.06,137.27,207.24,1000.53,-0.02,29.03,0.04
05-07-2022,78.87,39.32,4.78,83.35,1.03,187.73,227.21,999.29,0.02,30.61,0.03
06-07-2022,69.7,23.36,6.48,95.29,0.71,149.49,201.7,996.77,-0.01,31.28,0.05
07-07-2022,46.04,24.49,8.14,0.04,2.24,153.86,225.68,998.88,-0.01,29.88,0
08-07-2022,25.02,8.21,9.78,77.43,2.15,160.7,252.18,994.56,-0.01,28.84,0.02
09-07-2022,63.4,39.31,5.17,74.59,0.99,176.59,177.93,1002.73,0.05,30.62,0
10-07-2022,34.68,24.41,10.88,99.29,0.76,178.45,128.04,1006.41,0.04,28.21,0.04
11-07-2022,142.82,62.43,14.83,81.36,0.4,269.15,119.39,1010.42,0.05,25.26,0
12-07-2022,248.83,30.9,24.31,64.35,0.79,287.4,143.59,1009.2,0.06,20.91,0
13-07-2022,107.34,43.43,10.08,77.43,0.69,210.62,125.4,999.69,0.02,26.03,0.02
14-07-2022,107.34,43.43,10.08,77.43,0.69,210.62,125.4,999.69,0.02,26.03,0.02
15-07-2022,107.34,43.43,10.08,77.43,0.69,210.62,125.4,999.69,0.02,26.03,0.02
16-07-2022,107.34,43.43,10.08,77.43,0.69,210.62,125.4,999.69,0.02,26.03,0.02
17-07-2022,107.34,43.43,10.08,77.43,0.69,210.62,125.4,999.69,0.02,26.03,0.02
18-07-2022,25.53,14.33,4.49,0.01,1.1,142.64,176.99,998.54,-0.02,29.5,0
19-07-2022,29.22,5.71,8.86,0.01,0.71,172.38,180.49,997.5,0,29.49,0
20-07-2022,40.47,12.45,9.84,0.01,0.68,159.77,201.95,997.66,-0.01,29.73,0
21-07-2022,39.48,12.1,10.03,0.06,0.93,150.07,280.81,998,0.01,29.2,0
22-07-2022,30.24,43.43,9.78,0.11,1.73,154.19,286.68,998.93,0,29.05,0
23-07-2022,25.16,43.43,10.23,0.02,1.48,147.05,169.33,999.06,-0.01,27.68,0
24-07-2022,21.39,43.43,9.51,0.01,1.35,151.12,92.57,999.71,0,26.43,0
25-07-2022,27.57,7.09,8.99,0.01,1.11,153.24,114.95,1000.51,0.01,27.16,0
26-07-2022,29.98,6.71,10.94,0.01,0.84,140.89,250.94,1000.53,0,28.48,0
27-07-2022,27.38,7.59,9.56,0.02,0.67,159.46,178.7,1000.47,0.01,28.7,0
28-07-2022,31.41,7.36,9.47,0.01,0.38,186.5,209.58,1000.47,0.03,29.66,0
29-07-2022,34.84,8.41,10.42,0.02,0.47,173.09,201.79,999.61,0.02,29.55,0
30-07-2022,35.24,8.5,13.06,0.04,0.45,154.58,271.11,999.01,0,30.59,0
31-07-2022,41.33,8.47,8.34,0.05,0.47,155.55,159.67,998.52,0.01,29.61,0
01-08-2022,194.59,264.52,16.58,82.07,0.49,258.07,154.58,999.87,0.05,20.9,0.03
02-08-2022,138.13,54.11,33.3,84.18,0.59,196.59,172.62,1000.33,0.04,20.49,0.03
03-08-2022,178.36,43.43,27.66,50.3,1.14,294.59,186.8,1000.19,0.05,26.58,0
04-08-2022,48.73,18.36,2.92,86.84,1.13,136.79,212.41,1000.53,-0.04,28.97,0.03
05-08-2022,65.04,29.31,9.51,85.03,1.22,172.36,205.89,999.37,0,30.52,0.03
06-08-2022,76.71,26.59,8.78,97.4,1.13,142.46,165.82,996.09,-0.02,30.97,0.05
07-08-2022,35.15,25.88,7.29,0.09,2.16,150.57,160.84,998.05,-0.01,29.55,0
08-08-2022,23.77,8.1,8.12,77.43,2.68,156.76,150.53,993.5,-0.03,28.33,0.02
09-08-2022,42.01,38.75,5.27,78.81,1.6,169.12,200.13,1003.55,0.04,30.39,0.03
10-08-2022,37.88,23.96,12.69,89.77,0.74,188.2,150.08,1006.58,0.02,29.69,0
11-08-2022,145.84,57.42,10.31,79.13,0.66,306.25,120.45,1010.3,0.05,25.88,0
12-08-2022,235.58,35.64,24.04,66.89,0.79,304.74,109.63,1009.65,0.07,20.97,0
13-08-2022,50.88,21.91,4.03,77.43,1.89,187.48,188.89,994.01,-0.03,29.02,0.02
14-08-2022,19.47,22.7,3.23,77.43,2.9,155.49,72.94,995.31,-0.05,26.76,0.02
15-08-2022,35.16,21.63,3.77,77.43,1.56,140.05,93.59,999.49,0.01,27.58,0.02
16-08-2022,53.45,21.85,5.14,77.43,0.5,178.34,209.11,999.58,0.03,30.26,0.02
17-08-2022,82.08,22.09,1.74,77.43,0.99,282.44,231.69,997.66,0.05,31.41,0.02
18-08-2022,103.33,22.32,6.12,77.43,1.3,309.22,146.29,995.84,0.07,30.98,0.02
19-08-2022,42,22.58,3.74,77.43,2.41,236.81,67.44,993.25,-0.02,27.29,0.02
20-08-2022,26.71,21.32,4.39,77.43,2.66,149.43,107.93,996.47,-0.03,26.93,0.02
21-08-2022,51.38,21.46,3.81,77.43,1.59,147.23,145.01,997.71,0.01,28.94,0.02
22-08-2022,56.13,20.34,5.95,77.43,0.67,176.24,145.04,997.38,0.03,29.47,0.02
23-08-2022,44.14,17.97,2.94,77.43,0.73,224.86,142.32,999.41,0.04,28.02,0.02
24-08-2022,33.32,12.61,4.08,77.43,1.17,201.27,97.14,1000.62,0.01,26.89,0.02
25-08-2022,36.46,25.32,6.76,77.43,0.89,145.34,183.06,1000.52,0,28.93,0.02
26-08-2022,49.66,21.07,4.28,77.43,0.4,158.51,164.97,999.44,0.02,29.86,0.02
27-08-2022,49.32,27.67,4.46,77.43,0.58,157.49,118.97,999.29,0.01,29.34,0.02
28-08-2022,34.63,43.43,4.83,77.43,1.1,142.9,173.68,1001.39,0,28.97,0.02
29-08-2022,38.07,40.87,5.94,77.43,0.8,147.74,188.58,1004.1,0,30.34,0.02
30-08-2022,29.51,39.02,7.87,77.43,0.37,155.09,180.58,1004.34,0.02,30.76,0.02
31-08-2022,21.93,38.66,6.86,77.43,0.44,152.75,198.81,1002.84,0,30.73,0.02
01-09-2022,198.99,157.98,13.73,83.63,0.41,212.45,185.37,999.84,0.04,21.21,0.03
02-09-2022,135.48,61.39,12.84,88.69,0.61,160.66,159.09,1000.4,0.02,21.45,0.04
03-09-2022,186.57,43.43,29.86,47.67,0.76,262.59,197.8,999.93,0.04,26.97,0
04-09-2022,34.08,17.52,3.73,95.59,1,138.63,224.58,1000.53,-0.03,29.29,0.05
05-09-2022,33.29,29.38,7.38,98.54,1.74,143.57,84.38,1000.49,0,26.91,0.06
06-09-2022,76.82,21.73,8.21,97.78,0.95,149.24,168.29,996.07,-0.02,30.27,0.05
07-09-2022,63.76,27.46,7.15,0.08,2.17,155.81,202.34,996.13,0,29.26,0
08-09-2022,21.47,8.42,9,77.43,3.33,152.99,132.4,992.46,-0.05,27.17,0.02
09-09-2022,53.57,35.49,4.51,74.59,1.24,175.5,150.19,1002.86,0.04,29.94,0
10-09-2022,25.3,20.16,11.27,97.07,0.66,167.65,117.16,1007.78,0.02,29.17,0
11-09-2022,171.02,103.07,10.59,81.24,0.46,251.07,97.64,1010.39,0.05,25.38,0
12-09-2022,233.62,39.92,16.46,79.23,0.68,286.45,128.24,1009.21,0.06,21.29,0
13-09-2022,34.12,32.16,6.2,123.34,1.18,140.58,96.14,1002,-0.01,25.89,0.39
14-09-2022,37.13,33.85,6.08,99.03,0.71,135.1,125.02,1003.35,0,26.16,0
15-09-2022,51,35.53,9.09,98.73,0.54,165.5,82.01,1002.22,0.02,28.03,0.01
16-09-2022,52.09,42.18,9.69,99.32,0.7,189.93,112.96,999.57,0.02,27.41,0.08
17-09-2022,58.85,36.25,9.11,99.45,0.56,170.49,76.97,999.73,0.03,27.15,0.11
18-09-2022,53.38,36.66,10,99.1,0.84,174.98,146.76,999.92,0.04,28.81,0
19-09-2022,40.98,36.77,9.55,99.45,1.91,166.02,124.34,999.89,0,28.05,0.03
20-09-2022,36.31,37.1,10.75,99.45,2.06,158.44,83.5,999.21,0.01,27.57,0.01
21-09-2022,45.36,35.63,9.42,99.45,1.44,150.91,145.97,1001,0,28.68,0.01
22-09-2022,46.91,34.45,9.01,99.17,1.2,150.67,151.91,1001.93,0,29.18,0
23-09-2022,52.84,26.76,4.24,96.51,1.02,145.64,146.08,1002.06,0,29.46,0
24-09-2022,55.38,42.94,3.45,88.4,0.99,147.14,152.8,1001.86,-0.01,29.7,0
25-09-2022,47.11,42.6,4.09,88.19,0.87,155.18,152.51,1002.8,0.03,29.57,0
26-09-2022,52.42,43.73,5.55,94.43,0.5,191.53,112.97,1003.49,0.03,29.18,0
27-09-2022,68.7,24.07,8.57,98.94,0.39,243.97,100.54,1002.17,0.04,29.43,0
28-09-2022,67.38,51.58,7.09,98.76,0.5,275.99,109.85,1001.22,0.04,28.65,0.08
29-09-2022,95.87,14.72,6.92,92.25,0.78,241.93,175.08,1000.78,0.05,29.98,0
30-09-2022,89.89,14.22,6.52,94.8,0.7,293.64,139.18,1000.8,0.05,29.99,0
01-10-2022,185.75,109.85,20.43,84.3,0.39,246.83,149.9,1000.11,0.04,21.87,0.03
02-10-2022,148.31,77.46,8.19,98.51,0.37,186.91,85.84,1000.14,0.04,20.34,0.06
03-10-2022,199.21,43.43,45.43,49.64,0.76,263.21,184.35,999.92,0.04,26.93,0
04-10-2022,33.77,17.08,2.99,97.24,1.08,143.58,211.45,999.9,-0.04,29.54,0.05
05-10-2022,40.46,36.04,4.46,98.49,1.17,146.54,147.51,999.57,0.02,27.95,0.06
06-10-2022,67.86,30.42,11.13,98.29,1.06,156.76,151.6,996.89,-0.01,28.76,0.06
07-10-2022,56.17,27.63,6.76,0.03,1.81,165.56,149.31,995.54,-0.01,27.99,0
08-10-2022,19.85,8.49,4.86,77.43,1.57,144.35,114.31,992.37,0,26.85,0.02
09-10-2022,42,32.82,4.49,77.76,2.19,157.92,132.69,1001.7,0.02,28.62,0.02
10-10-2022,25.75,19.82,11.59,96.9,0.55,144.02,141.45,1008.1,0,29.3,0
11-10-2022,143.92,80.78,10.87,78.21,0.47,280.94,108.92,1010.35,0.06,26.07,0
12-10-2022,223.97,47.03,15.2,77.76,0.58,279.69,115.81,1009.27,0.06,22.53,0
13-10-2022,44.79,20.15,6.76,93.47,0.74,198.21,154.34,1006.34,0.02,28.14,0.2
14-10-2022,69.85,20.73,6.67,99.44,0.54,244.93,112.29,1006.19,0.04,27.77,0.04
15-10-2022,87.5,27.26,7.83,86.74,0.67,255.38,143.53,1005.87,0.04,29.09,0
16-10-2022,84.29,33.92,10.71,74.24,0.86,309.49,147.33,1007.57,0.06,29.18,0
17-10-2022,102.65,45.02,13.29,76.93,0.91,314.72,147.26,1007.72,0.06,28.41,0
18-10-2022,108.78,54.62,12.48,87.11,0.8,313.62,141.81,1006.93,0.06,28.74,0
19-10-2022,109.34,64.22,11.12,90.13,0.56,300.89,92.77,1007.2,0.06,27.69,0.02
20-10-2022,128.47,64.5,14.64,77.63,0.95,318.06,143.75,1008.43,0.06,28.25,0
21-10-2022,130.27,63.47,14.5,77.35,1.2,329.97,142.41,1009.15,0.08,28.35,0
22-10-2022,117.23,76.61,21.92,81.13,1.21,332.6,143.88,1008.72,0.08,28.53,0.03
23-10-2022,104.4,66.7,13.27,95.75,1.09,258.76,97.8,1006.84,0.05,27.13,0
24-10-2022,50.9,52.82,6.7,99.43,1.64,260.69,62.21,1000.41,0.02,23.19,0.06
25-10-2022,56.23,53.41,6.73,93.25,0.89,222.22,156.07,1005.23,0.03,25.34,0
26-10-2022,83.73,67.48,7.33,87.24,0.59,169.44,124.1,1009.02,0.04,26.65,0
27-10-2022,113.27,78.29,13.59,76.78,0.53,286.79,139.91,1008.63,0.05,27.44,0
28-10-2022,140.75,88.29,9.58,72.81,0.58,261.82,110.38,1008.13,0.05,26.3,0
29-10-2022,142.79,98.76,19.03,69.66,0.63,295.99,138.56,1008.02,0.05,25.36,0
30-10-2022,117.78,89.41,12.42,76.74,0.61,282.07,137.09,1007.88,0.05,26.1,0
31-10-2022,112.91,62.82,18.6,77.65,0.63,301.84,129.44,1008.32,0.05,26.47,0
01-11-2022,173.6,77.82,18.6,85.68,1.01,238.54,147.25,1000.22,0.04,22.07,0.03
02-11-2022,176.26,90.43,13.16,83.97,1.08,297.75,179.62,1000.11,0.05,20.42,0.03
03-11-2022,189.75,43.43,26.31,54.97,1.1,293.2,181.4,1000.02,0.05,27.27,0
04-11-2022,39.57,18.01,3.72,98.02,1.05,142.62,205.01,999.39,-0.03,29.86,0.06
05-11-2022,52.89,34.78,4.13,98.55,1.17,135.09,126.59,999.54,-0.01,27.72,0.06
06-11-2022,62.57,70.77,9.15,98.54,1.1,132.21,93.61,997,-0.03,29.34,0.06
07-11-2022,45.33,27.77,8.27,0.01,2.55,155.29,251.99,995.62,-0.02,29.24,0
08-11-2022,23.71,10.22,5.68,77.43,0.78,159.06,115.97,996.14,0.03,26.76,0.02
09-11-2022,32.13,30.75,5.44,83.92,2.41,154.15,81.88,1000.32,0,26.87,0.07
10-11-2022,27.78,19.58,12.33,99.2,1.1,162.37,143.51,1006.46,-0.01,28.92,0
11-11-2022,161.5,79.65,14.53,75.09,0.66,293.28,108.69,1010.36,0.06,25.53,0
12-11-2022,253.56,37.55,27.16,71.96,0.6,274.94,142.64,1009.58,0.05,22.8,0
13-11-2022,174.75,69.4,18.36,54.35,0.81,298.32,141.61,1010.2,0.07,24.7,0
14-11-2022,197.38,80.27,17.96,55.58,0.87,301.32,139.04,1010.37,0.07,23.62,0
15-11-2022,206.87,86.96,18.89,62.45,0.78,304.78,136.19,1009.53,0.06,23.45,0
16-11-2022,224.74,92.88,19.22,60.36,0.62,296.58,124.48,1008.39,0.06,23.63,0
17-11-2022,250.01,98.1,19.58,69.58,0.58,259.86,128.26,1008.43,0.06,23.87,0
18-11-2022,219.51,75.85,21.9,59.92,1.14,313.91,127.06,1009.63,0.08,24.15,0
19-11-2022,157.84,57.92,22.24,51.93,1.3,326.22,116.8,1009.37,0.1,23.58,0
20-11-2022,194.77,70.4,20.98,62.3,0.86,320.9,86.71,1008.05,0.07,23.77,0
21-11-2022,170.45,67.69,17.12,57.72,0.82,309.93,107.37,1004.76,0.07,24.59,0
22-11-2022,196.06,70.92,18.9,56.69,0.87,301.4,116.13,1008.23,0.07,23.86,0
23-11-2022,251.22,103.89,22.43,66.67,0.76,281.45,123.97,1008.72,0.07,22.65,0
24-11-2022,240.59,106.18,28.86,53.47,0.91,299.74,146.39,1008.89,0.07,22.66,0
25-11-2022,253.19,96.65,31.26,58.86,0.98,311.94,137.51,1009.26,0.08,22.96,0
26-11-2022,242.61,94.51,29.99,66.48,0.7,288.67,117.87,1007.79,0.06,22.58,0
27-11-2022,236.19,90.81,17.88,73.95,0.45,270.39,116.02,1006.18,0.05,22.36,0
28-11-2022,203.72,88.18,14.42,70.24,0.51,277.68,115.9,1007.28,0.06,23.44,0
29-11-2022,174.31,73.9,18.17,62.98,0.73,307.23,105.78,1008.63,0.07,24.49,0
30-11-2022,192.01,74.32,25.58,58.74,0.76,307.3,136.48,1009.44,0.07,25.52,0
01-12-2022,102.87,57.21,13.77,98.55,0.61,285.41,90.46,1000.22,0.04,19.2,0.06
02-12-2022,137.55,96.28,18.29,60.35,1.04,281.12,223.45,1000.33,0.05,19.99,0
03-12-2022,195.51,43.43,21.99,48.79,0.97,284.73,183.79,999.94,0.04,27.47,0
04-12-2022,41.21,16.88,3.07,97.46,1.26,135.01,180.27,999.49,-0.03,29.5,0.05
05-12-2022,63.17,25.57,6.43,98.21,1.34,126.8,205.25,998.94,-0.03,29.23,0.06
06-12-2022,58.56,35.56,8.43,98.44,1.44,125.73,156.56,998.05,-0.05,30.61,0.06
07-12-2022,107.34,43.43,10.08,77.43,0.69,210.62,125.4,999.69,0.02,26.03,0.02
08-12-2022,51.02,21.76,3.8,77.43,0.51,161.47,150.02,996.67,0.03,28.51,0.02
09-12-2022,27.72,33.56,6.18,162.87,1.8,153.53,44.19,1000.1,-0.01,25.46,0.7
10-12-2022,25.93,21.29,9.44,97.15,0.59,193.47,147.32,1006.4,0.01,27.59,0.4
11-12-2022,212.05,89.12,21.02,75.22,0.83,293.12,120.59,1010.24,0.07,25.29,0
12-12-2022,248.06,49.35,12.22,78.81,0.4,223.2,154.13,1009.07,0.05,22.08,0
13-12-2022,293.49,77.92,14.67,71.84,0.45,248.45,139.75,1009.04,0.04,23.18,0
14-12-2022,273.71,60.31,18.57,70.37,0.66,272.98,130.89,1009.71,0.05,22.41,0
15-12-2022,238.23,47.66,19.34,54.55,0.75,293.81,153.42,1009.02,0.05,21.82,0
16-12-2022,225.09,53.03,9.16,42.56,0.92,287.59,110.71,1008.27,0.06,20.99,0
17-12-2022,275.32,25.34,22.31,61.62,0.7,273.09,123.9,1009.98,0.05,19.31,0
18-12-2022,293.26,43.33,15.55,85.62,0.7,290.48,89.47,1009.56,0.05,20.1,0
19-12-2022,277.63,43.63,14.47,85.22,0.79,288.51,94.01,1008.46,0.04,21.15,0
20-12-2022,282.08,64.28,13.09,81.09,0.59,269.27,132.18,1008.36,0.04,20.85,0
21-12-2022,264.83,49.3,5.21,79.06,0.47,264.87,162.88,1008.99,0.05,20.59,0
22-12-2022,247.79,16.41,7.02,81.14,0.61,275.89,186.38,1008.9,0.05,20.06,0
23-12-2022,245.11,75.16,5.8,71.6,0.53,243.06,224.37,1009.23,0.05,20.38,0
24-12-2022,251.1,73.42,4.75,70.1,0.48,243.52,166.2,1009.48,0.04,21.42,0
25-12-2022,131.89,16.35,6.61,83.8,0.43,151.13,146.82,1010.07,0.01,22.51,0
26-12-2022,88.27,15.15,6.89,90.02,0.48,207.23,150.03,1011.58,0.01,23.29,0
27-12-2022,111.91,16.17,6.38,90.5,0.88,274.2,113.3,1010.71,0.02,23.65,0
28-12-2022,182.8,14.87,5.68,78.41,0.81,279.83,77.85,1011.99,0.05,22.25,0
29-12-2022,157.5,17.62,4.95,48.84,0.69,245.95,131.27,1014.18,0.03,19.85,0
30-12-2022,227.78,20.23,6.72,61.29,0.52,236.16,92.18,1014.5,0.04,19.56,0
31-12-2022,215.61,14.93,6.1,77.83,0.9,174.67,94.36,1013.53,0.03,20.8,0
01-01-2023,197.07,14.65,5.83,92.54,1.24,174.01,92.91,1014.42,0.01,20.77,0
02-01-2023,135.48,43.21,4.84,61.65,1.2,295.48,130.92,1009.23,0.06,23.02,0
03-01-2023,100.41,27.82,14.41,75.49,0.95,196.15,156.8,1013.04,0.03,27.31,0
13-01-2023,200.01,34.25,7.13,90.8,0.6,160.49,109.04,1009.59,0.03,21.32,0
14-01-2023,107.76,24.74,8.82,94.09,0.44,265.85,148.7,1008.89,0.03,22.56,0
15-01-2023,149.68,28.34,7.49,82.71,0.83,181.83,161.28,1008.98,0.02,21.9,0
16-01-2023,155.22,25.12,4.76,72.63,0.79,254.91,124.24,1011.19,0.03,19.66,0
17-01-2023,165.48,26.7,4.2,72.29,0.88,191.24,112.77,1011.79,0,19.03,0
18-01-2023,180.94,24.86,2.56,67.48,0.93,204.29,88.53,1013.72,0,19.46,0
19-01-2023,203.24,31.06,4.25,66.02,0.71,266.09,105.74,1014.05,0.04,19.12,0
20-01-2023,236.66,48.41,5.68,68.15,0.56,245.2,115.44,1013.25,0.04,18.98,0
21-01-2023,270.57,67.96,5.15,73.53,0.43,209.63,107.31,1011.66,0.04,20.11,0
22-01-2023,239.5,32.77,10.61,78.84,0.56,197.36,103.97,1010.98,0.04,21.53,0
23-01-2023,171.37,40.18,5.6,85.4,0.37,251.3,116.37,1009.98,0.04,22.65,0
24-01-2023,177.75,35.45,3.55,91.22,0.82,187.72,114.03,1010.31,0.03,23.11,0
25-01-2023,217.91,40.73,3.45,84.67,0.33,226.21,138.54,1009.86,0.04,23.55,0
26-01-2023,144.69,31.66,3.91,68.59,0.64,260.8,155.52,1009.36,0.04,24.57,0
27-01-2023,149.72,37.95,2.89,77.97,0.73,261.45,137.57,1009.82,0.05,24.08,0
28-01-2023,140.15,48.63,4.1,70.84,0.88,263.87,134.64,1009.58,0.05,23.23,0
29-01-2023,130.41,30.45,3.79,54.33,0.96,279.06,148.69,1010.18,0.04,21.73,0
30-01-2023,151.67,37.16,3.21,75.46,0.66,252.71,175.6,1010.94,0.04,22.06,0
31-01-2023,190.75,66.38,6.32,76.22,0.64,276.42,130.89,1009.19,0.04,22.74,0
01-02-2023,166.12,16.72,6.55,79.01,0.57,241.49,151.92,1015.19,0.04,20.51,0
02-02-2023,118.51,24.41,2.05,58.18,1.55,221.87,176.72,1010.68,0.07,21.11,0
03-02-2023,99.88,61.03,11.91,66.51,0.67,282.41,169.79,1012.53,0.04,27.87,0
13-02-2023,111.41,28.72,12.47,28.49,1.16,288.29,173.3,1010.06,0.05,23.63,0
14-02-2023,145.43,40.18,13.14,37,0.75,277.89,140.47,1010.05,0.04,21.8,0
15-02-2023,183.11,62.34,13.75,45.71,0.66,249.14,126.8,1008.4,0.04,22.04,0
16-02-2023,193.5,43.76,16.86,55.55,0.61,186.35,114.55,1009.52,0.03,22.63,0
17-02-2023,122.9,22.85,10.88,88.41,0.82,171.77,89.05,1010.61,0.03,23.44,0
18-02-2023,106.6,22.59,7.2,99.14,0.63,176.08,79.32,1010.61,0.03,23.58,0
19-02-2023,93.82,43.43,12.68,89.13,0.83,227.28,139.36,1009.76,0.03,24.45,0
20-02-2023,74.45,31.49,8.04,87.47,0.76,159.6,154.06,1008.35,0,25.5,0
21-02-2023,86.63,40.71,7.62,86.3,0.9,210.41,139.36,1008.31,0.01,26.32,0
22-02-2023,76.63,28,16.42,88.53,0.97,158.19,181.23,1007.21,-0.01,26.42,0
23-02-2023,79.37,25.82,5.52,72,0.92,199.84,191.3,1007.85,0.02,26.95,0
24-02-2023,91.67,22.35,16.25,86.15,0.82,239.8,151.56,1009.24,0.03,27.16,0
25-02-2023,105.52,37.1,12.57,71.83,0.84,249.13,141.29,1011.73,0.04,27.49,0
26-02-2023,126.79,31.18,15.23,74.37,0.77,180.31,146.66,1012.98,0.02,27.05,0
27-02-2023,99.54,29.32,15.56,82,0.68,238.62,149.98,1012.58,0.04,26.38,0
28-02-2023,109.12,38.88,8.32,68.71,0.71,233.89,145.54,1012.91,0.04,27.04,0
01-03-2023,196.48,29.41,5.27,95.68,1.03,264.89,132.03,1015.49,0.05,18.01,0
02-03-2023,136.4,33.24,4.96,75.37,1.07,272.15,156.23,1010.16,0.05,20.37,0
03-03-2023,120.99,85.25,8.17,50.18,0.89,284.32,173.76,1012.76,0.04,28.42,0
13-03-2023,111.25,49.77,13.12,48.97,0.61,194.1,154.11,1007.78,0.03,28.75,0
14-03-2023,85.7,22.36,23.07,66.15,0.54,191.96,150.66,1005.83,-0.01,28.15,0
15-03-2023,107.6,20.34,16.89,71.95,0.52,215.21,145.87,1005.32,0.02,27.95,0
16-03-2023,57.75,15.88,9.56,85.79,0.85,197.91,211.43,1007.14,-0.02,27.68,0
17-03-2023,107.34,43.43,10.08,77.43,0.69,210.62,125.4,999.69,0.02,26.03,0.02
18-03-2023,107.34,43.43,10.08,77.43,0.69,210.62,125.4,999.69,0.02,26.03,0.02
19-03-2023,107.34,43.43,10.08,77.43,0.69,210.62,125.4,999.69,0.02,26.03,0.02
20-03-2023,30.73,21.13,9.12,85.35,0.91,155.35,206.76,1004.14,-0.02,24.92,0
21-03-2023,60.77,38.87,7.05,92.36,0.68,246.82,169.96,1005.29,0.03,24.8,0.07
22-03-2023,81.95,35.35,14.86,78.1,0.66,224.39,215.16,1004.81,0.03,25.84,0
23-03-2023,65.97,23.93,7.71,85.77,0.92,198.24,198.91,1004.66,0.01,26.67,0
24-03-2023,80.16,18.45,9.81,76.5,0.57,171.86,190.5,1005.8,0.01,27.91,0
25-03-2023,63,15.59,6.91,83.99,0.55,208.85,209.8,1006.42,0,28.66,0
26-03-2023,55.29,14.44,6.29,85.32,0.76,206.26,206.79,1004.8,-0.01,28.83,0
27-03-2023,85.68,24.63,12.75,81.54,0.96,247.94,172.31,1004.47,0.02,28.31,0
28-03-2023,91.12,20.86,9.44,73.49,0.9,246.35,233.7,1005.11,0.02,29.3,0
29-03-2023,55.76,12.38,3.08,86.51,0.62,191.18,186.45,1006.14,-0.01,29.03,0
30-03-2023,59.87,12.41,7.46,88.52,0.95,187.02,194.32,1004.8,-0.03,28.36,0.07
31-03-2023,69.09,20.4,10.02,94.62,1.05,179.29,134.94,1005.32,0.01,26.05,0
01-04-2023,173.74,46.89,4.77,93.51,1.06,268.41,112.24,1015.53,0.06,17.08,0
02-04-2023,159.7,61.95,9.77,68.49,0.88,277.75,150.62,1008.54,0.04,20.75,0
03-04-2023,145.3,70.83,16.33,40.02,1.09,291.02,161.06,1012.19,0.04,28.71,0
01-05-2023,194.72,49.63,4.88,86.99,1.3,309.09,105.81,1016.13,0.06,17.06,0
02-05-2023,150.39,36.87,17.12,64.51,0.77,258.23,145.47,1008.33,0.04,21.85,0
03-05-2023,143.28,54.07,15.57,40.74,1.08,303.95,161.52,1011.41,0.04,28.58,0
01-06-2023,202.09,68.21,4.06,79.67,1.33,327.93,117.09,1015.65,0.05,16.92,0
02-06-2023,152.63,65.59,13.04,63.84,0.55,242.92,143.64,1008.17,0.04,22.89,0
03-06-2023,121.98,45.19,17.25,38.86,0.88,278.87,157.11,1010.56,0.04,28.57,0
01-07-2023,242.35,45.99,3.8,84.75,1.31,308.4,115.93,1013.67,0.05,16.58,0
02-07-2023,98.72,21.75,17.7,71.09,0.76,233.44,140.22,1007.19,0.03,23.74,0
03-07-2023,105.17,38.34,17.97,36.47,0.66,267.01,156.83,1010.92,0.05,28.72,0
01-08-2023,239.57,49.15,4.47,79.31,1.01,320.73,110.59,1012.93,0.05,17.73,0
02-08-2023,90.28,32.28,23.35,77.69,0.68,234.6,144.67,1007.45,0.02,24.48,0
03-08-2023,115.68,34.11,17.88,37.96,0.93,260.01,140.09,1011.68,0.04,28.37,0.02
01-09-2023,219.88,51.1,5.45,76.85,0.84,302.76,102.74,1014.01,0.05,18.86,0
02-09-2023,120.38,30.54,16.08,71.88,0.92,283.33,156.63,1008.69,0.05,24.01,0
03-09-2023,100.76,35.5,16.63,42.3,0.7,259.23,155.96,1010.73,0.05,27.54,0
01-10-2023,201.72,87.66,5.27,55.8,0.76,277.58,124.27,1012.55,0.05,19.28,0
02-10-2023,142.29,81.22,13.2,63.57,0.55,250.28,194.31,1009.28,0.04,23.14,0
03-10-2023,122.6,42.72,15.48,54.8,0.88,227.55,110.84,1010.28,0.04,26.98,0
01-11-2023,246.79,130.29,3.78,56.4,0.98,310.32,120.78,1010.86,0.05,19.4,0
02-11-2023,109.85,34.61,18.48,77.97,0.64,232.15,176.76,1008.02,0.02,25.09,0
03-11-2023,112.26,39.06,8.63,46.37,0.75,249.94,135.1,1010.38,0.05,27.14,0
01-12-2023,207.59,67.24,5.08,65.29,0.63,285.78,121.77,1009.51,0.04,18.95,0
02-12-2023,109.94,27.19,17.25,62.81,1.09,266.57,177.66,1008.37,0.04,25.46,0
03-12-2023,115.59,50.75,11.84,45.27,0.6,258.51,153.37,1009.49,0.05,28.26,0
